timestamp,energy,temperature_2m (°C),relative_humidity_2m (%),dew_point_2m (°C),apparent_temperature (°C),wind_speed_10m (km/h),cloud_cover (%),precipitation (mm),shortwave_radiation (W/m²),day_of_week,is_holiday
2025-01-01 00:00:00,700657.5,3.7,93,2.7,-0.1,14.9,100,0.0,0.0,2,1
2025-01-01 01:00:00,665833.5,3.3,93,2.3,-0.5,14.0,100,0.0,0.0,2,1
2025-01-01 02:00:00,634830.4,2.8,93,1.8,-1.3,15.2,100,0.0,0.0,2,1
2025-01-01 03:00:00,609885.3,2.2,94,1.4,-2.3,17.9,100,0.0,0.0,2,1
2025-01-01 04:00:00,593494.3,2.0,93,1.0,-2.9,19.6,100,0.0,0.0,2,1
2025-01-01 05:00:00,595100.9,2.0,92,0.8,-2.9,19.7,100,0.1,0.0,2,1
2025-01-01 06:00:00,605474.6,1.9,91,0.6,-3.0,19.4,100,0.0,0.0,2,1
2025-01-01 07:00:00,619618.1,1.8,91,0.4,-3.1,19.0,100,0.1,0.0,2,1
2025-01-01 08:00:00,652784.2,1.6,91,0.3,-3.3,19.9,100,0.2,0.0,2,1
2025-01-01 09:00:00,700050.5,1.8,91,0.4,-3.4,21.0,100,0.3,0.0,2,1
2025-01-01 10:00:00,754603.8,1.9,90,0.4,-3.5,22.5,100,0.4,12.0,2,1
2025-01-01 11:00:00,808912.5,2.1,88,0.2,-3.3,22.6,100,0.3,41.0,2,1
2025-01-01 12:00:00,841690.4,2.2,86,0.1,-3.3,23.0,100,0.2,66.0,2,1
2025-01-01 13:00:00,852030.7,2.2,82,-0.5,-3.2,21.9,100,0.2,89.0,2,1
2025-01-01 14:00:00,847696.4,2.3,78,-1.1,-2.7,18.8,100,0.1,132.0,2,1
2025-01-01 15:00:00,852448.5,2.5,71,-2.2,-3.2,22.1,100,0.1,127.0,2,1
2025-01-01 16:00:00,883694.7,2.5,70,-2.3,-2.8,19.2,100,0.0,125.0,2,1
2025-01-01 17:00:00,956410.4,2.2,70,-2.7,-3.0,18.2,100,0.0,78.0,2,1
2025-01-01 18:00:00,963445.2,1.6,72,-2.9,-3.5,17.4,100,0.0,15.0,2,1
2025-01-01 19:00:00,941491.4,1.1,74,-3.1,-4.2,18.9,100,0.0,0.0,2,1
2025-01-01 20:00:00,916978.9,0.7,75,-3.3,-4.7,19.3,100,0.0,0.0,2,1
2025-01-01 21:00:00,880940.9,1.0,75,-2.8,-3.8,16.1,100,0.0,0.0,2,1
2025-01-01 22:00:00,822892.6,0.8,76,-3.0,-4.0,15.4,100,0.0,0.0,2,1
2025-01-01 23:00:00,756224.4,0.2,77,-3.3,-4.4,14.1,93,0.0,0.0,2,1
2025-01-02 00:00:00,691209.3,-0.3,78,-3.7,-5.0,14.4,28,0.0,0.0,3,0
2025-01-02 01:00:00,641887.4,-0.7,79,-4.0,-5.4,14.2,4,0.0,0.0,3,0
2025-01-02 02:00:00,611281.2,-0.8,78,-4.2,-5.6,14.8,0,0.0,0.0,3,0
2025-01-02 03:00:00,598076.4,-0.7,77,-4.2,-5.6,15.2,3,0.0,0.0,3,0
2025-01-02 04:00:00,596574.9,-0.7,77,-4.3,-5.8,16.2,46,0.0,0.0,3,0
2025-01-02 05:00:00,613678.1,-0.6,76,-4.3,-5.9,17.2,79,0.0,0.0,3,0
2025-01-02 06:00:00,644694.0,-0.6,75,-4.4,-6.0,17.8,4,0.0,0.0,3,0
2025-01-02 07:00:00,690155.4,-0.6,74,-4.7,-6.1,18.4,4,0.0,0.0,3,0
2025-01-02 08:00:00,739464.1,-0.8,74,-4.8,-6.3,18.7,3,0.0,0.0,3,0
2025-01-02 09:00:00,783150.3,-0.9,77,-4.4,-6.5,20.4,40,0.0,0.0,3,0
2025-01-02 10:00:00,822627.6,-0.6,74,-4.8,-6.2,19.1,31,0.0,56.0,3,0
2025-01-02 11:00:00,865470.3,-0.1,72,-4.6,-5.4,17.9,21,0.0,188.0,3,0
2025-01-02 12:00:00,891892.4,0.4,69,-4.7,-5.4,21.2,7,0.0,302.0,3,0
2025-01-02 13:00:00,877634.6,0.5,63,-5.8,-5.8,23.4,6,0.0,377.0,3,0
2025-01-02 14:00:00,867813.4,0.4,63,-5.8,-5.9,23.4,5,0.0,399.0,3,0
2025-01-02 15:00:00,877231.2,0.3,62,-6.2,-6.3,25.0,22,0.0,357.0,3,0
2025-01-02 16:00:00,927451.5,-0.4,66,-5.9,-6.7,23.8,53,0.0,264.0,3,0
2025-01-02 17:00:00,1016871.6,-1.1,69,-6.1,-7.4,23.3,20,0.0,146.0,3,0
2025-01-02 18:00:00,1039213.3,-1.8,69,-6.7,-8.1,23.1,22,0.0,28.0,3,0
2025-01-02 19:00:00,1026009.2,-2.2,70,-6.9,-8.4,22.1,16,0.0,0.0,3,0
2025-01-02 20:00:00,1002353.7,-2.2,70,-6.9,-8.3,21.6,20,0.0,0.0,3,0
2025-01-02 21:00:00,962483.7,-2.6,75,-6.4,-8.8,22.5,34,0.0,0.0,3,0
2025-01-02 22:00:00,894839.2,-2.6,75,-6.5,-8.7,21.6,19,0.0,0.0,3,0
2025-01-02 23:00:00,819384.7,-2.8,75,-6.5,-8.8,21.6,13,0.0,0.0,3,0
2025-01-03 00:00:00,747587.5,-2.8,75,-6.6,-8.8,20.9,27,0.0,0.0,4,0
2025-01-03 01:00:00,698301.2,-2.7,75,-6.5,-8.5,19.5,10,0.0,0.0,4,0
2025-01-03 02:00:00,665292.0,-2.7,75,-6.6,-8.4,18.9,100,0.0,0.0,4,0
2025-01-03 03:00:00,644872.7,-2.7,75,-6.4,-8.6,20.3,14,0.0,0.0,4,0
2025-01-03 04:00:00,642481.9,-2.8,77,-6.3,-8.6,19.4,45,0.0,0.0,4,0
2025-01-03 05:00:00,660533.4,-2.9,79,-6.1,-8.4,18.1,90,0.0,0.0,4,0
2025-01-03 06:00:00,688633.1,-3.2,78,-6.6,-8.8,18.2,88,0.0,0.0,4,0
2025-01-03 07:00:00,731279.6,-3.5,76,-7.1,-9.1,17.2,42,0.0,0.0,4,0
2025-01-03 08:00:00,783243.4,-3.8,76,-7.4,-9.1,14.9,36,0.0,0.0,4,0
2025-01-03 09:00:00,822855.0,-3.2,71,-7.6,-8.4,14.9,25,0.0,0.0,4,0
2025-01-03 10:00:00,853538.8,-2.7,71,-7.2,-8.0,16.0,6,0.0,56.0,4,0
2025-01-03 11:00:00,885634.5,-1.9,66,-7.4,-7.7,19.1,23,0.0,190.0,4,0
2025-01-03 12:00:00,915229.9,-1.0,57,-8.6,-7.0,19.4,25,0.0,293.0,4,0
2025-01-03 13:00:00,906508.5,-0.8,54,-8.9,-7.1,21.7,34,0.1,374.0,4,0
2025-01-03 14:00:00,898386.4,-0.4,48,-10.1,-6.4,18.2,4,0.0,358.0,4,0
2025-01-03 15:00:00,906634.9,-0.9,47,-10.9,-6.7,17.6,20,0.0,365.0,4,0
2025-01-03 16:00:00,956117.1,-1.6,52,-10.1,-7.5,18.0,6,0.0,269.0,4,0
2025-01-03 17:00:00,1038466.2,-3.3,51,-12.1,-9.6,19.5,40,0.0,156.0,4,0
2025-01-03 18:00:00,1053912.8,-4.9,55,-12.7,-11.4,20.6,51,0.0,31.0,4,0
2025-01-03 19:00:00,1042227.6,-5.7,59,-12.4,-12.4,22.3,47,0.0,0.0,4,0
2025-01-03 20:00:00,1022458.3,-5.8,60,-12.4,-12.6,22.8,82,0.0,0.0,4,0
2025-01-03 21:00:00,979890.6,-4.7,62,-10.9,-11.5,24.0,80,0.0,0.0,4,0
2025-01-03 22:00:00,921119.0,-4.6,63,-10.4,-11.1,22.6,84,0.0,0.0,4,0
2025-01-03 23:00:00,854740.2,-4.4,65,-10.1,-10.8,21.1,100,0.0,0.0,4,0
2025-01-04 00:00:00,787535.1,-4.2,68,-9.2,-10.1,18.4,100,0.0,0.0,5,0
2025-01-04 01:00:00,736407.0,-4.3,63,-10.4,-11.4,26.0,99,0.0,0.0,5,0
2025-01-04 02:00:00,700439.2,-4.8,62,-10.9,-11.9,26.1,78,0.0,0.0,5,0
2025-01-04 03:00:00,680021.3,-5.2,61,-11.6,-12.1,24.6,24,0.0,0.0,5,0
2025-01-04 04:00:00,674735.1,-5.4,60,-12.0,-11.9,21.2,17,0.0,0.0,5,0
2025-01-04 05:00:00,682484.8,-5.3,61,-11.6,-11.2,17.7,100,0.0,0.0,5,0
2025-01-04 06:00:00,701209.2,-5.1,65,-10.7,-10.4,13.9,96,0.1,0.0,5,0
2025-01-04 07:00:00,737648.3,-5.2,64,-10.9,-11.1,17.5,70,0.0,0.0,5,0
2025-01-04 08:00:00,800512.1,-5.5,60,-12.1,-11.6,18.8,96,0.0,0.0,5,0
2025-01-04 09:00:00,864351.7,-5.1,72,-9.4,-10.3,13.4,100,0.1,0.0,5,0
2025-01-04 10:00:00,919962.8,-4.7,71,-9.1,-9.9,14.2,100,0.2,13.0,5,0
2025-01-04 11:00:00,976113.1,-4.1,66,-9.6,-9.8,17.3,100,0.1,59.0,5,0
2025-01-04 12:00:00,1004535.5,-3.2,63,-9.2,-10.2,25.8,95,0.0,155.0,5,0
2025-01-04 13:00:00,1009690.2,-2.8,64,-8.8,-10.1,28.3,82,0.1,219.0,5,0
2025-01-04 14:00:00,1005866.5,-2.3,60,-9.1,-10.2,31.7,86,0.1,309.0,5,0
2025-01-04 15:00:00,1006484.9,-2.4,61,-9.0,-10.2,31.9,99,0.1,274.0,5,0
2025-01-04 16:00:00,1034875.5,-2.7,58,-9.9,-10.4,30.7,100,0.0,176.0,5,0
2025-01-04 17:00:00,1106847.1,-3.2,62,-9.5,-10.6,28.6,100,0.0,85.0,5,0
2025-01-04 18:00:00,1113925.3,-3.7,64,-9.4,-11.0,28.4,100,0.0,13.0,5,0
2025-01-04 19:00:00,1082606.1,-3.8,67,-9.1,-10.5,24.1,99,0.0,0.0,5,0
2025-01-04 20:00:00,1045925.5,-4.2,66,-9.6,-11.0,24.3,98,0.0,0.0,5,0
2025-01-04 21:00:00,1005342.2,-4.3,68,-9.2,-10.9,23.7,100,0.0,0.0,5,0
2025-01-04 22:00:00,947530.7,-4.2,68,-9.1,-10.6,22.6,100,0.0,0.0,5,0
2025-01-04 23:00:00,878546.2,-4.4,69,-9.2,-11.0,23.6,100,0.0,0.0,5,0
2025-01-05 00:00:00,808011.3,-4.6,68,-9.6,-11.1,22.6,100,0.0,0.0,6,0
2025-01-05 01:00:00,750048.1,-4.8,68,-9.7,-11.3,22.6,100,0.0,0.0,6,0
2025-01-05 02:00:00,711309.9,-4.8,69,-9.6,-11.2,22.0,100,0.0,0.0,6,0
2025-01-05 03:00:00,688072.9,-4.7,69,-9.6,-11.0,20.8,100,0.0,0.0,6,0
2025-01-05 04:00:00,679213.9,-4.7,68,-9.6,-11.0,21.5,100,0.0,0.0,6,0
2025-01-05 05:00:00,685038.5,-4.7,67,-9.9,-11.4,23.8,100,0.0,0.0,6,0
2025-01-05 06:00:00,702775.9,-4.5,66,-9.8,-11.1,23.3,100,0.0,0.0,6,0
2025-01-05 07:00:00,737048.3,-4.5,67,-9.6,-11.1,23.4,100,0.0,0.0,6,0
2025-01-05 08:00:00,789659.6,-4.3,68,-9.3,-10.7,21.7,100,0.0,0.0,6,0
2025-01-05 09:00:00,855246.7,-4.7,71,-9.2,-11.0,21.2,100,0.0,0.0,6,0
2025-01-05 10:00:00,924183.2,-4.0,68,-8.9,-10.1,19.8,100,0.0,34.0,6,0
2025-01-05 11:00:00,979849.6,-3.7,70,-8.4,-9.7,20.0,100,0.0,64.0,6,0
2025-01-05 12:00:00,1004995.7,-3.0,69,-8.0,-9.3,22.0,100,0.1,90.0,6,0
2025-01-05 13:00:00,998032.9,-3.0,71,-7.4,-8.6,18.0,100,0.1,104.0,6,0
2025-01-05 14:00:00,1002398.0,-2.5,71,-6.9,-7.5,13.9,100,0.1,99.0,6,0
2025-01-05 15:00:00,1016075.5,-2.2,64,-8.1,-7.0,11.9,100,0.1,105.0,6,0
2025-01-05 16:00:00,1059613.2,-2.4,59,-9.3,-7.4,12.4,100,0.0,103.0,6,0
2025-01-05 17:00:00,1130757.5,-2.9,62,-9.2,-7.8,11.8,100,0.0,61.0,6,0
2025-01-05 18:00:00,1133634.4,-3.1,63,-9.2,-8.0,11.7,100,0.0,18.0,6,0
2025-01-05 19:00:00,1101305.7,-3.7,66,-9.2,-8.6,11.8,95,0.0,0.0,6,0
2025-01-05 20:00:00,1060488.7,-4.3,68,-9.2,-9.2,11.5,90,0.0,0.0,6,0
2025-01-05 21:00:00,1003970.4,-4.0,73,-8.1,-8.3,8.6,55,0.0,0.0,6,0
2025-01-05 22:00:00,920319.7,-4.7,76,-8.4,-8.6,5.3,94,0.0,0.0,6,0
2025-01-05 23:00:00,829388.9,-4.8,77,-8.2,-8.5,4.1,100,0.0,0.0,6,0
2025-01-06 00:00:00,751678.4,-4.0,75,-7.7,-7.7,5.1,100,0.0,0.0,0,0
2025-01-06 01:00:00,698802.6,-4.0,75,-7.7,-7.8,5.7,100,0.0,0.0,0,0
2025-01-06 02:00:00,669270.3,-3.8,76,-7.4,-7.8,6.3,100,0.0,0.0,0,0
2025-01-06 03:00:00,657235.4,-4.2,81,-7.0,-8.5,9.4,100,0.0,0.0,0,0
2025-01-06 04:00:00,662303.8,-6.0,77,-9.4,-11.0,12.6,100,0.0,0.0,0,0
2025-01-06 05:00:00,691508.1,-6.6,75,-10.4,-11.6,11.5,100,0.0,0.0,0,0
2025-01-06 06:00:00,742727.3,-7.0,72,-11.1,-12.2,12.5,100,0.0,0.0,0,0
2025-01-06 07:00:00,824077.9,-7.4,70,-11.9,-12.6,11.9,100,0.0,0.0,0,0
2025-01-06 08:00:00,865339.1,-7.8,69,-12.4,-13.0,12.2,100,0.0,0.0,0,0
2025-01-06 09:00:00,895525.8,-7.8,66,-13.1,-13.2,13.5,100,0.0,0.0,0,0
2025-01-06 10:00:00,927675.2,-8.4,64,-14.0,-13.8,12.9,100,0.0,25.0,0,0
2025-01-06 11:00:00,960709.7,-8.6,61,-14.8,-14.3,14.0,100,0.0,69.0,0,0
2025-01-06 12:00:00,969039.4,-8.6,59,-15.2,-14.4,15.4,100,0.0,128.0,0,0
2025-01-06 13:00:00,965742.3,-8.1,57,-15.2,-13.9,15.0,100,0.0,204.0,0,0
2025-01-06 14:00:00,947917.3,-7.8,57,-14.9,-13.5,14.8,100,0.0,299.0,0,0
2025-01-06 15:00:00,957734.3,-7.8,58,-14.7,-13.5,14.9,100,0.0,300.0,0,0
2025-01-06 16:00:00,1018642.2,-8.2,59,-14.9,-14.2,16.0,95,0.0,242.0,0,0
2025-01-06 17:00:00,1116742.6,-8.7,58,-15.4,-14.8,17.3,66,0.0,134.0,0,0
2025-01-06 18:00:00,1145131.0,-9.1,60,-15.4,-15.3,17.9,50,0.0,31.0,0,0
2025-01-06 19:00:00,1130999.8,-9.2,61,-15.2,-15.0,14.9,1,0.0,0.0,0,0
2025-01-06 20:00:00,1102932.6,-9.5,65,-14.9,-15.4,16.1,5,0.0,0.0,0,0
2025-01-06 21:00:00,1047641.7,-10.1,70,-14.4,-16.1,17.0,3,0.0,0.0,0,0
2025-01-06 22:00:00,964384.2,-10.1,72,-14.1,-16.2,17.5,10,0.0,0.0,0,0
2025-01-06 23:00:00,876591.3,-10.1,73,-13.9,-15.6,13.7,43,0.0,0.0,0,0
2025-01-07 00:00:00,802502.1,-9.8,73,-13.7,-15.1,12.7,54,0.0,0.0,1,0
2025-01-07 01:00:00,749681.1,-9.4,73,-13.3,-14.9,14.1,58,0.0,0.0,1,0
2025-01-07 02:00:00,716413.6,-9.1,73,-13.0,-14.9,16.5,45,0.0,0.0,1,0
2025-01-07 03:00:00,703441.3,-8.9,74,-12.6,-14.7,16.6,64,0.0,0.0,1,0
2025-01-07 04:00:00,705099.6,-8.3,76,-11.7,-14.0,15.6,95,0.0,0.0,1,0
2025-01-07 05:00:00,731569.6,-7.8,79,-10.8,-13.4,15.5,95,0.0,0.0,1,0
2025-01-07 06:00:00,783296.9,-7.8,79,-10.8,-13.4,15.7,87,0.0,0.0,1,0
2025-01-07 07:00:00,861705.9,-8.1,79,-11.1,-13.9,16.2,88,0.0,0.0,1,0
2025-01-07 08:00:00,886169.2,-8.1,79,-11.1,-13.8,16.0,90,0.0,0.0,1,0
2025-01-07 09:00:00,894539.4,-7.9,79,-10.9,-13.4,15.0,81,0.0,0.0,1,0
2025-01-07 10:00:00,915670.6,-7.4,78,-10.5,-12.8,14.2,92,0.0,43.0,1,0
2025-01-07 11:00:00,935555.6,-6.7,76,-10.1,-12.1,14.8,100,0.0,129.0,1,0
2025-01-07 12:00:00,946579.8,-6.1,77,-9.5,-11.1,12.0,100,0.0,158.0,1,0
2025-01-07 13:00:00,940761.9,-5.4,78,-8.6,-10.5,13.4,100,0.0,175.0,1,0
2025-01-07 14:00:00,945853.8,-5.1,76,-8.6,-10.5,15.4,100,0.1,133.0,1,0
2025-01-07 15:00:00,966445.2,-5.1,74,-9.0,-11.2,20.2,100,0.1,138.0,1,0
2025-01-07 16:00:00,1024561.2,-5.6,73,-9.8,-11.8,20.2,100,0.0,108.0,1,0
2025-01-07 17:00:00,1106985.6,-6.0,72,-10.2,-12.0,18.5,100,0.0,71.0,1,0
2025-01-07 18:00:00,1131291.6,-6.6,70,-11.1,-12.6,18.8,100,0.0,20.0,1,0
2025-01-07 19:00:00,1122731.3,-7.1,68,-11.9,-13.1,18.0,100,0.0,0.0,1,0
2025-01-07 20:00:00,1095931.7,-7.5,69,-12.2,-13.5,17.7,100,0.0,0.0,1,0
2025-01-07 21:00:00,1041445.2,-7.1,65,-12.4,-13.2,18.6,100,0.0,0.0,1,0
2025-01-07 22:00:00,960913.4,-7.1,66,-12.4,-13.1,18.0,100,0.0,0.0,1,0
2025-01-07 23:00:00,873232.2,-7.2,67,-12.2,-13.2,17.6,100,0.0,0.0,1,0
2025-01-08 00:00:00,798699.1,-7.4,69,-12.1,-13.3,16.8,100,0.0,0.0,2,0
2025-01-08 01:00:00,749927.5,-7.3,71,-11.6,-12.8,14.7,100,0.0,0.0,2,0
2025-01-08 02:00:00,721907.0,-7.8,75,-11.6,-13.1,12.6,100,0.0,0.0,2,0
2025-01-08 03:00:00,709401.2,-8.9,77,-12.2,-13.9,10.8,100,0.0,0.0,2,0
2025-01-08 04:00:00,714962.6,-9.9,76,-13.4,-14.8,9.5,100,0.0,0.0,2,0
2025-01-08 05:00:00,746119.6,-10.4,76,-13.9,-15.2,8.6,100,0.0,0.0,2,0
2025-01-08 06:00:00,803016.8,-11.0,76,-14.4,-16.0,10.0,100,0.1,0.0,2,0
2025-01-08 07:00:00,881777.1,-12.4,74,-16.1,-17.8,12.0,100,0.0,0.0,2,0
2025-01-08 08:00:00,909685.6,-13.1,75,-16.6,-18.4,10.8,100,0.0,0.0,2,0
2025-01-08 09:00:00,922183.4,-12.6,74,-16.3,-17.8,10.9,100,0.0,0.0,2,0
2025-01-08 10:00:00,939594.1,-12.1,74,-15.9,-17.5,11.6,100,0.0,42.0,2,0
2025-01-08 11:00:00,959435.9,-11.4,73,-15.2,-17.3,15.4,100,0.0,125.0,2,0
2025-01-08 12:00:00,967336.3,-10.4,72,-14.5,-16.8,19.2,100,0.0,217.0,2,0
2025-01-08 13:00:00,956795.1,-9.7,70,-14.1,-16.3,20.8,100,0.0,270.0,2,0
2025-01-08 14:00:00,952843.8,-9.3,70,-13.8,-15.8,20.8,100,0.0,275.0,2,0
2025-01-08 15:00:00,973961.1,-9.0,70,-13.5,-15.4,19.9,100,0.0,244.0,2,0
2025-01-08 16:00:00,1037024.7,-8.9,70,-13.4,-15.3,19.5,100,0.0,182.0,2,0
2025-01-08 17:00:00,1127620.0,-9.1,70,-13.4,-15.3,19.1,100,0.0,105.0,2,0
2025-01-08 18:00:00,1152305.9,-9.3,72,-13.4,-15.2,16.4,100,0.0,23.0,2,0
2025-01-08 19:00:00,1145423.7,-9.5,72,-13.6,-15.4,16.4,100,0.0,0.0,2,0
2025-01-08 20:00:00,1118550.5,-9.9,71,-14.1,-15.7,15.7,100,0.0,0.0,2,0
2025-01-08 21:00:00,1067630.2,-9.2,63,-14.9,-14.9,14.6,100,0.0,0.0,2,0
2025-01-08 22:00:00,982422.0,-9.8,63,-15.6,-15.4,13.5,100,0.0,0.0,2,0
2025-01-08 23:00:00,892165.8,-9.9,63,-15.6,-15.6,14.2,98,0.0,0.0,2,0
2025-01-09 00:00:00,821063.7,-10.2,64,-15.8,-15.9,13.7,94,0.0,0.0,3,0
2025-01-09 01:00:00,770135.7,-9.9,65,-15.2,-15.4,13.4,100,0.0,0.0,3,0
2025-01-09 02:00:00,743811.0,-9.3,68,-14.1,-14.8,13.8,100,0.0,0.0,3,0
2025-01-09 03:00:00,732462.7,-8.9,70,-13.4,-14.4,13.6,100,0.0,0.0,3,0
2025-01-09 04:00:00,737650.9,-9.1,73,-13.1,-14.5,13.4,100,0.0,0.0,3,0
2025-01-09 05:00:00,761389.5,-9.7,77,-13.0,-14.8,11.1,100,0.0,0.0,3,0
2025-01-09 06:00:00,816204.9,-10.1,77,-13.4,-14.9,9.6,100,0.0,0.0,3,0
2025-01-09 07:00:00,893825.3,-9.9,77,-13.2,-15.0,10.8,100,0.0,0.0,3,0
2025-01-09 08:00:00,921280.0,-9.9,76,-13.4,-15.1,11.2,100,0.0,0.0,3,0
2025-01-09 09:00:00,929861.5,-10.4,70,-14.7,-15.8,12.8,99,0.0,0.0,3,0
2025-01-09 10:00:00,957000.6,-9.8,70,-14.2,-15.5,14.6,97,0.0,40.0,3,0
2025-01-09 11:00:00,975900.9,-9.1,70,-13.6,-15.0,16.7,100,0.0,120.0,3,0
2025-01-09 12:00:00,976219.5,-8.2,68,-13.1,-14.3,17.7,100,0.0,194.0,3,0
2025-01-09 13:00:00,957218.0,-7.8,69,-12.5,-13.7,17.1,100,0.0,226.0,3,0
2025-01-09 14:00:00,942899.4,-7.5,69,-12.2,-13.5,17.6,100,0.0,209.0,3,0
2025-01-09 15:00:00,955698.0,-7.2,68,-12.2,-13.2,17.6,100,0.0,200.0,3,0
2025-01-09 16:00:00,1013832.8,-7.2,65,-12.7,-13.0,16.3,94,0.0,170.0,3,0
2025-01-09 17:00:00,1106018.3,-7.3,61,-13.6,-13.1,15.4,87,0.0,99.0,3,0
2025-01-09 18:00:00,1136412.2,-7.8,57,-14.9,-13.5,14.5,57,0.0,27.0,3,0
2025-01-09 19:00:00,1130319.2,-8.1,55,-15.7,-13.6,12.2,39,0.0,0.0,3,0
2025-01-09 20:00:00,1109585.5,-8.9,57,-15.8,-14.1,11.5,40,0.0,0.0,3,0
2025-01-09 21:00:00,1062558.7,-8.9,49,-17.6,-14.5,13.1,0,0.0,0.0,3,0
2025-01-09 22:00:00,982226.9,-9.6,50,-18.0,-15.1,12.6,0,0.0,0.0,3,0
2025-01-09 23:00:00,896569.2,-9.9,51,-18.1,-15.4,12.0,0,0.0,0.0,3,0
2025-01-10 00:00:00,821585.6,-10.2,53,-18.0,-15.7,11.9,0,0.0,0.0,4,0
2025-01-10 01:00:00,768801.4,-10.4,62,-16.4,-15.6,10.8,13,0.0,0.0,4,0
2025-01-10 02:00:00,736328.6,-10.6,71,-14.8,-15.6,10.1,42,0.0,0.0,4,0
2025-01-10 03:00:00,722337.1,-10.6,75,-14.2,-15.2,7.2,15,0.0,0.0,4,0
2025-01-10 04:00:00,721523.7,-10.6,75,-14.2,-15.6,9.4,100,0.0,0.0,4,0
2025-01-10 05:00:00,746066.8,-10.7,75,-14.2,-15.5,8.7,100,0.0,0.0,4,0
2025-01-10 06:00:00,793094.4,-10.6,74,-14.4,-15.1,6.5,78,0.0,0.0,4,0
2025-01-10 07:00:00,869411.4,-11.1,75,-14.6,-15.3,4.5,79,0.0,0.0,4,0
2025-01-10 08:00:00,908249.8,-11.5,77,-14.8,-15.6,3.7,97,0.0,0.0,4,0
2025-01-10 09:00:00,932452.2,-11.9,72,-15.9,-16.2,4.3,100,0.0,0.0,4,0
2025-01-10 10:00:00,955831.2,-10.1,66,-15.2,-14.1,3.1,100,0.0,58.0,4,0
2025-01-10 11:00:00,966836.0,-8.1,61,-14.2,-12.1,3.3,100,0.0,164.0,4,0
2025-01-10 12:00:00,977026.3,-6.3,56,-13.6,-10.3,3.5,100,0.0,301.0,4,0
2025-01-10 13:00:00,966524.0,-4.8,56,-12.2,-8.8,4.0,99,0.0,323.0,4,0
2025-01-10 14:00:00,967356.6,-3.5,60,-10.1,-7.6,6.0,100,0.0,387.0,4,0
2025-01-10 15:00:00,983492.1,-2.8,63,-8.9,-8.0,13.8,100,0.0,273.0,4,0
2025-01-10 16:00:00,1026066.3,-2.5,63,-8.6,-7.5,13.3,100,0.0,165.0,4,0
2025-01-10 17:00:00,1077818.8,-2.5,70,-7.2,-7.1,10.2,100,0.0,53.0,4,0
2025-01-10 18:00:00,1085734.2,-2.8,75,-6.6,-7.4,11.4,100,0.1,11.0,4,0
2025-01-10 19:00:00,1075895.9,-3.2,77,-6.7,-7.7,10.8,100,0.3,0.0,4,0
2025-01-10 20:00:00,1054908.6,-3.5,78,-6.9,-8.0,10.2,100,0.2,0.0,4,0
2025-01-10 21:00:00,1016558.3,-3.5,81,-6.2,-7.9,10.4,100,0.4,0.0,4,0
2025-01-10 22:00:00,953150.1,-3.5,83,-6.0,-7.9,10.0,100,0.4,0.0,4,0
2025-01-10 23:00:00,878887.9,-3.7,86,-5.7,-7.9,9.1,100,0.5,0.0,4,0
2025-01-11 00:00:00,808422.3,-3.8,87,-5.6,-7.9,9.2,100,0.4,0.0,5,0
2025-01-11 01:00:00,748612.3,-3.8,88,-5.5,-7.8,7.7,100,0.5,0.0,5,0
2025-01-11 02:00:00,712034.7,-4.1,89,-5.6,-7.8,6.0,100,0.4,0.0,5,0
2025-01-11 03:00:00,689365.0,-4.2,90,-5.6,-7.9,6.3,100,0.3,0.0,5,0
2025-01-11 04:00:00,679814.6,-4.3,90,-5.8,-8.1,6.3,100,0.5,0.0,5,0
2025-01-11 05:00:00,687560.1,-4.6,90,-6.1,-8.3,5.4,100,0.4,0.0,5,0
2025-01-11 06:00:00,712061.6,-4.8,89,-6.3,-8.3,4.3,100,0.1,0.0,5,0
2025-01-11 07:00:00,755464.9,-4.8,88,-6.4,-8.2,3.3,100,0.1,0.0,5,0
2025-01-11 08:00:00,824397.0,-4.6,88,-6.2,-8.2,4.7,100,0.1,0.0,5,0
2025-01-11 09:00:00,882822.5,-5.2,89,-6.7,-9.0,6.3,100,0.1,0.0,5,0
2025-01-11 10:00:00,932832.2,-5.0,89,-6.6,-8.9,6.8,100,0.1,37.0,5,0
2025-01-11 11:00:00,966585.9,-4.6,85,-6.8,-8.7,7.9,100,0.0,135.0,5,0
2025-01-11 12:00:00,977573.6,-4.2,83,-6.6,-8.3,8.3,95,0.0,267.0,5,0
2025-01-11 13:00:00,969604.0,-3.5,81,-6.3,-7.6,7.8,37,0.0,384.0,5,0
2025-01-11 14:00:00,974469.9,-3.0,80,-6.1,-6.9,6.7,0,0.0,434.0,5,0
2025-01-11 15:00:00,978676.9,-2.4,79,-5.6,-6.2,6.5,4,0.0,401.0,5,0
2025-01-11 16:00:00,1002829.3,-2.1,79,-5.2,-5.9,6.7,7,0.0,315.0,5,0
2025-01-11 17:00:00,1067695.0,-2.5,80,-5.5,-6.2,5.5,99,0.0,186.0,5,0
2025-01-11 18:00:00,1076254.2,-2.2,81,-4.9,-6.0,7.2,84,0.0,37.0,5,0
2025-01-11 19:00:00,1045864.3,-2.4,84,-4.8,-6.9,12.1,84,0.0,0.0,5,0
2025-01-11 20:00:00,1009569.4,-2.5,85,-4.7,-6.8,11.0,65,0.0,0.0,5,0
2025-01-11 21:00:00,966422.6,-2.5,85,-4.6,-6.7,10.1,42,0.0,0.0,5,0
2025-01-11 22:00:00,901424.2,-3.2,87,-5.1,-7.4,9.9,98,0.0,0.0,5,0
2025-01-11 23:00:00,829486.0,-2.5,87,-4.3,-6.7,10.2,100,0.0,0.0,5,0
2025-01-12 00:00:00,761552.3,-1.4,88,-3.2,-5.6,10.9,100,0.0,0.0,6,0
2025-01-12 01:00:00,708869.0,-1.1,87,-3.0,-5.1,9.7,68,0.0,0.0,6,0
2025-01-12 02:00:00,672907.0,-2.2,86,-4.2,-6.2,9.0,81,0.0,0.0,6,0
2025-01-12 03:00:00,649590.8,-2.3,87,-4.2,-6.4,9.2,100,0.0,0.0,6,0
2025-01-12 04:00:00,638561.8,-2.3,88,-4.0,-6.1,7.4,100,0.0,0.0,6,0
2025-01-12 05:00:00,644756.3,-2.3,89,-3.8,-6.0,7.4,100,0.0,0.0,6,0
2025-01-12 06:00:00,663976.7,-2.5,89,-4.1,-6.1,6.6,100,0.0,0.0,6,0
2025-01-12 07:00:00,702810.9,-2.4,89,-4.0,-5.9,6.0,100,0.0,0.0,6,0
2025-01-12 08:00:00,764924.7,-2.5,89,-4.1,-5.8,4.0,100,0.0,0.0,6,0
2025-01-12 09:00:00,830596.6,-2.2,86,-4.2,-5.7,5.6,100,0.0,0.0,6,0
2025-01-12 10:00:00,880653.4,-2.1,86,-4.2,-5.3,3.8,100,0.0,34.0,6,0
2025-01-12 11:00:00,914683.5,-1.4,85,-3.5,-4.8,5.6,100,0.0,118.0,6,0
2025-01-12 12:00:00,940674.9,-0.6,82,-3.3,-4.1,5.7,100,0.0,224.0,6,0
2025-01-12 13:00:00,954062.8,-0.3,76,-4.0,-3.9,6.2,84,0.0,370.0,6,0
2025-01-12 14:00:00,951453.2,-0.2,72,-4.6,-4.0,7.1,100,0.0,380.0,6,0
2025-01-12 15:00:00,966317.5,-0.2,75,-4.0,-4.1,8.9,100,0.0,308.0,6,0
2025-01-12 16:00:00,1010247.1,0.1,78,-3.2,-4.2,11.5,100,0.0,208.0,6,0
2025-01-12 17:00:00,1092047.9,0.2,76,-3.5,-4.7,15.4,100,0.0,88.0,6,0
2025-01-12 18:00:00,1110860.3,-0.3,78,-3.7,-5.4,16.8,100,0.0,18.0,6,0
2025-01-12 19:00:00,1079565.4,-0.6,81,-3.3,-5.5,16.0,100,0.1,0.0,6,0
2025-01-12 20:00:00,1039838.1,-0.6,84,-2.8,-5.7,17.7,100,0.2,0.0,6,0
2025-01-12 21:00:00,985163.5,0.2,82,-2.5,-4.8,17.0,100,0.2,0.0,6,0
2025-01-12 22:00:00,906192.2,0.2,81,-2.7,-5.1,19.4,100,0.1,0.0,6,0
2025-01-12 23:00:00,810034.3,0.1,83,-2.5,-5.2,19.2,100,0.3,0.0,6,0
2025-01-13 00:00:00,728713.8,0.0,87,-2.0,-5.4,20.2,100,0.3,0.0,0,0
2025-01-13 01:00:00,673322.5,0.2,88,-1.5,-4.8,18.8,100,0.0,0.0,0,0
2025-01-13 02:00:00,637719.2,0.6,89,-1.0,-4.3,17.8,100,0.0,0.0,0,0
2025-01-13 03:00:00,620250.5,0.9,90,-0.6,-3.9,18.0,100,0.0,0.0,0,0
2025-01-13 04:00:00,619885.2,1.1,89,-0.6,-3.6,17.4,100,0.0,0.0,0,0
2025-01-13 05:00:00,649100.2,1.1,90,-0.4,-2.9,12.7,100,0.0,0.0,0,0
2025-01-13 06:00:00,701639.1,0.9,93,-0.1,-3.4,14.7,100,0.2,0.0,0,0
2025-01-13 07:00:00,781865.2,0.4,94,-0.4,-4.5,18.8,91,0.4,0.0,0,0
2025-01-13 08:00:00,819965.4,0.1,89,-1.6,-5.6,22.7,100,0.5,0.0,0,0
2025-01-13 09:00:00,843804.3,0.1,85,-2.1,-5.8,23.5,100,0.3,0.0,0,0
2025-01-13 10:00:00,869882.5,-0.5,81,-3.4,-6.3,21.8,71,0.1,26.0,0,0
2025-01-13 11:00:00,906660.8,-1.1,80,-4.1,-7.3,23.9,17,0.0,133.0,0,0
2025-01-13 12:00:00,933449.3,-1.2,78,-4.6,-7.3,23.2,81,0.0,337.0,0,0
2025-01-13 13:00:00,927627.3,-1.1,77,-4.7,-7.3,23.9,97,0.0,369.0,0,0
2025-01-13 14:00:00,921615.2,-1.1,75,-5.1,-7.5,24.7,100,0.0,330.0,0,0
2025-01-13 15:00:00,938962.1,-1.3,76,-5.1,-7.3,22.3,100,0.0,206.0,0,0
2025-01-13 16:00:00,994328.6,-1.6,78,-4.9,-7.3,19.5,100,0.0,139.0,0,0
2025-01-13 17:00:00,1066222.9,-2.2,80,-5.2,-7.7,18.8,100,0.1,80.0,0,0
2025-01-13 18:00:00,1083013.8,-2.8,79,-5.9,-8.5,19.7,86,0.0,20.0,0,0
2025-01-13 19:00:00,1071286.3,-3.8,71,-8.2,-9.7,19.3,100,0.0,0.0,0,0
2025-01-13 20:00:00,1048931.1,-4.3,71,-8.8,-10.3,19.5,86,0.0,0.0,0,0
2025-01-13 21:00:00,999162.5,-4.0,76,-7.6,-9.9,19.4,92,0.0,0.0,0,0
2025-01-13 22:00:00,918698.5,-4.5,81,-7.2,-10.4,19.5,100,0.1,0.0,0,0
2025-01-13 23:00:00,840423.3,-5.1,76,-8.8,-11.9,24.7,100,0.1,0.0,0,0
2025-01-14 00:00:00,774516.1,-5.8,74,-9.7,-12.5,23.8,47,0.0,0.0,1,0
2025-01-14 01:00:00,727078.9,-6.9,72,-11.1,-13.9,24.7,25,0.0,0.0,1,0
2025-01-14 02:00:00,699410.1,-7.7,72,-11.8,-14.8,25.2,12,0.0,0.0,1,0
2025-01-14 03:00:00,686203.4,-8.1,69,-12.6,-15.4,27.1,64,0.0,0.0,1,0
2025-01-14 04:00:00,692233.0,-8.0,68,-12.9,-15.1,25.3,100,0.0,0.0,1,0
2025-01-14 05:00:00,720848.3,-7.8,68,-12.8,-15.0,25.5,100,0.0,0.0,1,0
2025-01-14 06:00:00,776150.2,-7.9,70,-12.6,-15.0,25.1,100,0.0,0.0,1,0
2025-01-14 07:00:00,855698.5,-8.1,70,-12.6,-15.0,23.9,100,0.0,0.0,1,0
2025-01-14 08:00:00,883229.3,-8.3,71,-12.6,-15.2,23.7,100,0.0,0.0,1,0
2025-01-14 09:00:00,901793.5,-7.3,69,-12.1,-14.2,23.9,100,0.0,0.0,1,0
2025-01-14 10:00:00,916805.6,-7.4,69,-12.1,-14.4,24.0,32,0.0,38.0,1,0
2025-01-14 11:00:00,927604.2,-7.3,68,-12.2,-14.1,23.0,34,0.0,191.0,1,0
2025-01-14 12:00:00,934198.4,-7.1,66,-12.2,-13.9,23.4,81,0.0,308.0,1,0
2025-01-14 13:00:00,919658.0,-6.8,66,-12.1,-14.0,26.0,83,0.0,334.0,1,0
2025-01-14 14:00:00,912181.1,-6.6,65,-12.1,-13.5,24.3,68,0.0,372.0,1,0
2025-01-14 15:00:00,926969.3,-6.6,63,-12.4,-13.2,21.8,53,0.0,352.0,1,0
2025-01-14 16:00:00,985119.6,-6.8,62,-12.9,-13.4,21.0,13,0.0,305.0,1,0
2025-01-14 17:00:00,1084524.0,-7.4,65,-12.9,-13.5,18.4,6,0.0,191.0,1,0
2025-01-14 18:00:00,1122135.4,-8.0,69,-12.8,-13.9,16.6,21,0.0,57.0,1,0
2025-01-14 19:00:00,1117922.0,-8.2,70,-12.7,-14.2,17.0,25,0.0,0.0,1,0
2025-01-14 20:00:00,1094327.0,-8.4,71,-12.7,-14.6,18.6,13,0.0,0.0,1,0
2025-01-14 21:00:00,1041894.8,-8.4,70,-12.9,-14.6,18.8,79,0.0,0.0,1,0
2025-01-14 22:00:00,961177.0,-7.9,73,-11.9,-13.9,18.0,100,0.0,0.0,1,0
2025-01-14 23:00:00,874444.4,-6.8,75,-10.6,-12.4,15.1,100,0.0,0.0,1,0
2025-01-15 00:00:00,797866.6,-6.2,77,-9.5,-11.1,12.1,100,0.0,0.0,2,0
2025-01-15 01:00:00,746765.7,-6.2,80,-9.1,-11.0,10.9,100,0.0,0.0,2,0
2025-01-15 02:00:00,719450.8,-6.7,80,-9.6,-11.3,9.4,100,0.0,0.0,2,0
2025-01-15 03:00:00,706727.3,-7.1,81,-9.8,-11.6,9.3,100,0.0,0.0,2,0
2025-01-15 04:00:00,709927.2,-6.8,81,-9.5,-11.3,9.1,100,0.0,0.0,2,0
2025-01-15 05:00:00,737577.2,-7.1,81,-9.8,-11.6,9.1,100,0.0,0.0,2,0
2025-01-15 06:00:00,788686.2,-7.3,81,-9.9,-11.8,8.3,100,0.0,0.0,2,0
2025-01-15 07:00:00,866032.7,-7.4,82,-10.0,-11.9,8.3,52,0.0,0.0,2,0
2025-01-15 08:00:00,887908.5,-8.2,81,-10.9,-12.8,8.3,7,0.0,0.0,2,0
2025-01-15 09:00:00,903403.3,-9.2,79,-12.2,-13.8,8.4,15,0.0,0.0,2,0
2025-01-15 10:00:00,931021.9,-8.8,79,-11.9,-13.7,10.6,9,0.0,69.0,2,0
2025-01-15 11:00:00,954933.5,-7.6,74,-11.4,-12.4,9.9,12,0.0,215.0,2,0
2025-01-15 12:00:00,960244.0,-6.2,72,-10.4,-10.9,9.5,93,0.0,326.0,2,0
2025-01-15 13:00:00,947595.7,-5.2,74,-9.1,-9.8,10.3,100,0.0,354.0,2,0
2025-01-15 14:00:00,950796.2,-4.8,76,-8.3,-9.2,9.0,93,0.0,252.0,2,0
2025-01-15 15:00:00,973216.3,-4.2,75,-7.9,-9.2,12.9,99,0.0,264.0,2,0
2025-01-15 16:00:00,1021070.9,-3.5,67,-8.9,-9.0,16.0,100,0.0,240.0,2,0
2025-01-15 17:00:00,1092397.9,-4.2,75,-7.9,-9.7,16.7,100,0.0,53.0,2,0
2025-01-15 18:00:00,1117238.9,-5.0,80,-7.9,-10.8,18.4,100,0.1,19.0,2,0
2025-01-15 19:00:00,1109418.9,-5.7,78,-8.9,-11.8,20.2,100,0.0,0.0,2,0
2025-01-15 20:00:00,1086106.8,-6.2,78,-9.4,-12.1,18.7,93,0.0,0.0,2,0
2025-01-15 21:00:00,1039330.6,-6.8,76,-10.3,-12.7,17.7,94,0.0,0.0,2,0
2025-01-15 22:00:00,958506.3,-6.8,75,-10.4,-12.7,17.8,100,0.0,0.0,2,0
2025-01-15 23:00:00,869809.2,-6.6,74,-10.5,-12.3,16.9,100,0.0,0.0,2,0
2025-01-16 00:00:00,795233.0,-6.4,75,-10.2,-11.9,14.9,100,0.0,0.0,3,0
2025-01-16 01:00:00,744472.1,-6.8,78,-10.0,-12.1,14.3,100,0.0,0.0,3,0
2025-01-16 02:00:00,713432.4,-7.6,79,-10.6,-12.7,12.6,100,0.0,0.0,3,0
2025-01-16 03:00:00,698319.0,-7.9,76,-11.4,-13.1,12.5,100,0.0,0.0,3,0
2025-01-16 04:00:00,697787.5,-7.4,71,-11.8,-13.2,16.2,100,0.0,0.0,3,0
2025-01-16 05:00:00,720667.3,-6.6,78,-9.8,-12.6,18.6,96,0.0,0.0,3,0
2025-01-16 06:00:00,771630.6,-6.1,80,-8.9,-12.0,19.3,92,0.0,0.0,3,0
2025-01-16 07:00:00,851621.4,-6.1,79,-9.2,-11.9,17.9,100,0.0,0.0,3,0
2025-01-16 08:00:00,880664.0,-6.2,79,-9.3,-11.8,16.4,100,0.0,0.0,3,0
2025-01-16 09:00:00,899628.0,-5.4,83,-7.9,-10.5,13.2,100,0.1,0.0,3,0
2025-01-16 10:00:00,924022.9,-5.6,82,-8.2,-10.6,13.5,100,0.1,26.0,3,0
2025-01-16 11:00:00,938734.0,-5.8,81,-8.6,-10.5,10.6,100,0.3,64.0,3,0
2025-01-16 12:00:00,942112.0,-5.6,79,-8.7,-10.3,10.5,100,0.3,144.0,3,0
2025-01-16 13:00:00,944717.4,-5.4,79,-8.5,-10.0,10.0,100,0.2,231.0,3,0
2025-01-16 14:00:00,938719.6,-5.1,78,-8.4,-9.8,11.1,100,0.1,275.0,3,0
2025-01-16 15:00:00,949445.1,-4.9,78,-8.2,-9.4,9.0,100,0.2,184.0,3,0
2025-01-16 16:00:00,998230.8,-4.8,78,-7.9,-9.3,9.8,100,0.1,139.0,3,0
2025-01-16 17:00:00,1070051.8,-4.8,80,-7.6,-9.1,9.1,100,0.1,85.0,3,0
2025-01-16 18:00:00,1093566.6,-4.9,82,-7.4,-9.0,7.2,81,0.0,34.0,3,0
2025-01-16 19:00:00,1086007.3,-5.1,83,-7.5,-9.3,8.5,99,0.0,0.0,3,0
2025-01-16 20:00:00,1062850.4,-4.8,84,-7.1,-9.3,10.1,100,0.0,0.0,3,0
2025-01-16 21:00:00,1014354.0,-4.2,85,-6.4,-8.8,11.5,17,0.0,0.0,3,0
2025-01-16 22:00:00,933087.9,-4.9,84,-7.2,-9.7,12.0,26,0.0,0.0,3,0
2025-01-16 23:00:00,849661.2,-4.6,85,-6.7,-9.3,12.1,96,0.0,0.0,3,0
2025-01-17 00:00:00,774259.9,-3.6,88,-5.3,-8.2,11.9,68,0.0,0.0,4,0
2025-01-17 01:00:00,717250.9,-2.7,87,-4.5,-7.2,12.1,93,0.0,0.0,4,0
2025-01-17 02:00:00,682359.4,-1.7,87,-3.5,-6.3,13.6,100,0.0,0.0,4,0
2025-01-17 03:00:00,665024.6,-0.8,87,-2.7,-5.6,15.8,100,0.1,0.0,4,0
2025-01-17 04:00:00,663004.0,-0.9,82,-3.5,-6.1,18.0,93,0.0,0.0,4,0
2025-01-17 05:00:00,684708.6,-1.5,78,-4.9,-6.9,17.9,100,0.0,0.0,4,0
2025-01-17 06:00:00,726651.7,-2.0,79,-5.2,-7.1,16.4,100,0.0,0.0,4,0
2025-01-17 07:00:00,791696.8,-2.3,79,-5.4,-7.3,14.2,100,0.0,0.0,4,0
2025-01-17 08:00:00,836976.5,-2.3,80,-5.2,-7.0,13.0,97,0.0,0.0,4,0
2025-01-17 09:00:00,872184.2,-1.5,78,-4.9,-6.2,13.1,100,0.0,0.0,4,0
2025-01-17 10:00:00,904183.9,-1.5,77,-4.9,-5.7,10.1,100,0.0,43.0,4,0
2025-01-17 11:00:00,914384.1,-1.4,77,-4.8,-5.6,10.1,79,0.0,150.0,4,0
2025-01-17 12:00:00,909967.6,-0.9,75,-4.9,-5.3,11.0,85,0.0,262.0,4,0
2025-01-17 13:00:00,892366.6,-0.7,74,-4.7,-4.7,8.7,99,0.0,422.0,4,0
2025-01-17 14:00:00,880744.0,-0.1,73,-4.3,-4.4,11.0,100,0.0,454.0,4,0
2025-01-17 15:00:00,903774.0,0.7,74,-3.5,-4.0,14.4,100,0.0,375.0,4,0
2025-01-17 16:00:00,935479.0,1.4,75,-2.6,-3.2,14.3,100,0.0,209.0,4,0
2025-01-17 17:00:00,1005436.7,1.4,74,-2.8,-4.0,19.4,100,0.0,155.0,4,0
2025-01-17 18:00:00,1023706.4,1.1,77,-2.3,-4.3,20.8,100,0.0,39.0,4,0
2025-01-17 19:00:00,1008091.7,1.2,80,-1.9,-4.4,22.1,97,0.0,0.0,4,0
2025-01-17 20:00:00,982539.0,1.3,81,-1.6,-4.4,23.0,98,0.0,0.0,4,0
2025-01-17 21:00:00,943939.8,2.0,76,-1.7,-3.8,23.3,100,0.0,0.0,4,0
2025-01-17 22:00:00,878413.9,1.8,77,-1.8,-3.8,21.8,80,0.0,0.0,4,0
2025-01-17 23:00:00,807594.2,1.9,76,-1.9,-3.8,22.3,54,0.0,0.0,4,0
2025-01-18 00:00:00,739969.8,2.0,75,-2.0,-3.7,22.6,56,0.0,0.0,5,0
2025-01-18 01:00:00,685858.9,2.2,74,-2.0,-3.5,22.0,40,0.0,0.0,5,0
2025-01-18 02:00:00,647527.9,2.0,73,-2.2,-3.4,20.7,100,0.0,0.0,5,0
2025-01-18 03:00:00,622296.7,2.1,73,-2.2,-3.3,20.1,100,0.0,0.0,5,0
2025-01-18 04:00:00,614491.7,2.0,73,-2.2,-3.1,18.6,100,0.0,0.0,5,0
2025-01-18 05:00:00,623533.3,2.2,72,-2.2,-3.0,18.9,100,0.0,0.0,5,0
2025-01-18 06:00:00,646064.6,2.5,72,-2.0,-2.9,20.3,100,0.0,0.0,5,0
2025-01-18 07:00:00,692026.3,2.5,75,-1.5,-2.8,20.2,100,0.0,0.0,5,0
2025-01-18 08:00:00,760807.0,2.2,83,-0.4,-3.0,21.1,100,0.1,0.0,5,0
2025-01-18 09:00:00,841014.9,2.1,89,0.6,-2.3,16.0,100,0.5,0.0,5,0
2025-01-18 10:00:00,903174.2,1.9,94,0.9,-2.7,17.9,100,0.4,14.0,5,0
2025-01-18 11:00:00,946252.3,1.7,96,1.2,-2.8,17.3,100,0.6,40.0,5,0
2025-01-18 12:00:00,969373.6,1.6,97,1.2,-2.7,16.7,100,0.5,55.0,5,0
2025-01-18 13:00:00,977534.8,1.6,96,1.1,-2.5,14.4,100,0.3,51.0,5,0
2025-01-18 14:00:00,978460.5,1.2,97,0.9,-2.7,13.4,100,0.5,61.0,5,0
2025-01-18 15:00:00,983335.1,0.3,89,-1.3,-4.7,18.8,100,0.5,74.0,5,0
2025-01-18 16:00:00,998131.6,-0.8,86,-2.9,-6.1,18.7,100,0.4,55.0,5,0
2025-01-18 17:00:00,1056442.5,-1.5,82,-4.3,-7.2,19.9,100,0.1,75.0,5,0
2025-01-18 18:00:00,1074998.6,-2.1,81,-4.9,-7.5,18.1,100,0.0,29.0,5,0
2025-01-18 19:00:00,1048300.7,-2.7,82,-5.3,-7.9,16.7,100,0.0,0.0,5,0
2025-01-18 20:00:00,1013017.0,-3.0,81,-5.8,-8.3,17.2,99,0.0,0.0,5,0
2025-01-18 21:00:00,973808.7,-3.2,75,-7.0,-8.5,16.1,100,0.0,0.0,5,0
2025-01-18 22:00:00,916053.1,-3.7,74,-7.6,-8.9,14.9,94,0.0,0.0,5,0
2025-01-18 23:00:00,851394.1,-4.1,74,-8.0,-9.1,13.3,100,0.0,0.0,5,0
2025-01-19 00:00:00,790593.4,-4.4,72,-8.8,-9.3,11.8,100,0.0,0.0,6,0
2025-01-19 01:00:00,737022.9,-5.0,71,-9.4,-9.5,9.1,100,0.0,0.0,6,0
2025-01-19 02:00:00,701901.1,-5.6,68,-10.6,-10.1,8.2,100,0.0,0.0,6,0
2025-01-19 03:00:00,679669.8,-6.2,64,-11.9,-10.8,8.6,100,0.0,0.0,6,0
2025-01-19 04:00:00,670583.0,-6.7,64,-12.4,-11.1,6.4,100,0.0,0.0,6,0
2025-01-19 05:00:00,678971.7,-7.1,66,-12.4,-11.3,5.4,100,0.0,0.0,6,0
2025-01-19 06:00:00,701851.5,-7.3,68,-12.2,-11.4,4.6,100,0.0,0.0,6,0
2025-01-19 07:00:00,745127.8,-7.7,69,-12.4,-12.1,6.7,100,0.0,0.0,6,0
2025-01-19 08:00:00,811556.0,-8.2,66,-13.4,-13.0,8.8,100,0.0,0.0,6,0
2025-01-19 09:00:00,889767.2,-7.2,65,-12.7,-11.8,8.5,100,0.0,1.0,6,0
2025-01-19 10:00:00,952740.5,-7.2,59,-13.8,-12.1,9.9,100,0.0,36.0,6,0
2025-01-19 11:00:00,1002904.8,-6.8,55,-14.2,-11.6,9.2,100,0.0,112.0,6,0
2025-01-19 12:00:00,1025513.2,-6.2,52,-14.4,-11.0,8.5,100,0.0,195.0,6,0
2025-01-19 13:00:00,1024868.2,-5.8,50,-14.4,-10.4,7.5,100,0.0,258.0,6,0
2025-01-19 14:00:00,1024472.6,-5.6,50,-14.4,-9.9,5.6,100,0.0,269.0,6,0
2025-01-19 15:00:00,1028521.5,-5.3,51,-13.8,-9.2,3.0,100,0.0,257.0,6,0
2025-01-19 16:00:00,1063428.2,-5.4,53,-13.5,-9.5,4.1,100,0.0,153.0,6,0
2025-01-19 17:00:00,1144480.8,-5.8,56,-13.2,-10.0,5.0,100,0.1,79.0,6,0
2025-01-19 18:00:00,1165962.4,-6.3,65,-11.8,-10.0,2.1,100,0.1,32.0,6,0
2025-01-19 19:00:00,1139721.0,-6.5,70,-11.1,-10.7,5.6,100,0.1,0.0,6,0
2025-01-19 20:00:00,1106012.9,-7.0,69,-11.6,-11.4,6.8,100,0.1,0.0,6,0
2025-01-19 21:00:00,1049665.3,-7.2,76,-10.6,-10.8,2.3,99,0.1,0.0,6,0
2025-01-19 22:00:00,971625.4,-7.2,76,-10.8,-11.8,8.3,100,0.0,0.0,6,0
2025-01-19 23:00:00,883402.0,-8.9,78,-12.0,-14.0,12.1,99,0.0,0.0,6,0
2025-01-20 00:00:00,808720.3,-9.1,79,-12.1,-14.0,9.8,97,0.0,0.0,0,0
2025-01-20 01:00:00,756396.6,-9.6,75,-13.2,-14.7,11.0,99,0.0,0.0,0,0
2025-01-20 02:00:00,728297.7,-10.8,72,-14.8,-16.2,13.2,96,0.0,0.0,0,0
2025-01-20 03:00:00,715151.4,-11.6,72,-15.7,-17.4,15.2,92,0.0,0.0,0,0
2025-01-20 04:00:00,717447.4,-12.2,71,-16.4,-18.1,15.0,27,0.0,0.0,0,0
2025-01-20 05:00:00,746271.6,-13.2,69,-17.6,-19.0,13.7,75,0.0,0.0,0,0
2025-01-20 06:00:00,800853.6,-14.1,68,-18.6,-19.5,11.9,78,0.0,0.0,0,0
2025-01-20 07:00:00,881604.5,-14.6,69,-19.1,-19.7,9.0,95,0.0,0.0,0,0
2025-01-20 08:00:00,917633.9,-15.6,70,-19.9,-20.5,8.0,57,0.0,0.0,0,0
2025-01-20 09:00:00,946204.0,-15.4,73,-19.1,-20.3,7.3,100,0.0,1.0,0,0
2025-01-20 10:00:00,978391.0,-15.5,71,-19.5,-20.4,7.4,83,0.0,68.0,0,0
2025-01-20 11:00:00,998755.0,-14.1,66,-19.0,-18.6,5.2,98,0.0,217.0,0,0
2025-01-20 12:00:00,1012829.7,-12.1,64,-17.5,-16.6,5.5,96,0.0,293.0,0,0
2025-01-20 13:00:00,1007834.9,-10.5,64,-16.0,-17.0,19.5,97,0.0,377.0,0,0
2025-01-20 14:00:00,992720.4,-10.4,64,-16.0,-17.2,21.5,100,0.0,404.0,0,0
2025-01-20 15:00:00,1004422.3,-10.8,60,-17.1,-18.0,24.1,100,0.0,340.0,0,0
2025-01-20 16:00:00,1062218.4,-11.1,59,-17.5,-18.2,23.3,100,0.0,272.0,0,0
2025-01-20 17:00:00,1164450.2,-11.5,59,-17.9,-18.4,21.9,100,0.0,167.0,0,0
2025-01-20 18:00:00,1206217.5,-11.9,60,-18.0,-18.8,21.4,70,0.0,57.0,0,0
2025-01-20 19:00:00,1200156.9,-12.6,64,-18.0,-19.4,21.3,3,0.0,1.0,0,0
2025-01-20 20:00:00,1166847.8,-13.2,65,-18.5,-20.1,21.7,29,0.0,0.0,0,0
2025-01-20 21:00:00,1117987.0,-13.1,61,-19.1,-19.9,20.9,39,0.0,0.0,0,0
2025-01-20 22:00:00,1036668.9,-13.2,62,-19.0,-20.0,21.0,11,0.0,0.0,0,0
2025-01-20 23:00:00,950452.6,-13.2,64,-18.5,-20.1,21.4,37,0.0,0.0,0,0
2025-01-21 00:00:00,873997.9,-13.4,66,-18.4,-20.4,22.2,15,0.0,0.0,1,0
2025-01-21 01:00:00,824945.1,-13.6,66,-18.6,-20.7,22.7,11,0.0,0.0,1,0
2025-01-21 02:00:00,794850.3,-13.8,65,-18.9,-20.9,22.8,11,0.0,0.0,1,0
2025-01-21 03:00:00,779763.7,-14.1,66,-19.1,-21.2,22.6,7,0.0,0.0,1,0
2025-01-21 04:00:00,783591.7,-14.4,66,-19.4,-21.4,22.6,1,0.0,0.0,1,0
2025-01-21 05:00:00,809968.2,-14.6,65,-19.8,-21.5,21.2,0,0.0,0.0,1,0
2025-01-21 06:00:00,861856.3,-15.0,65,-20.1,-21.7,19.9,0,0.0,0.0,1,0
2025-01-21 07:00:00,944303.9,-15.2,64,-20.5,-21.9,19.1,0,0.0,0.0,1,0
2025-01-21 08:00:00,972525.9,-15.4,64,-20.7,-21.9,18.2,0,0.0,0.0,1,0
2025-01-21 09:00:00,974748.8,-15.4,59,-21.6,-22.3,20.6,1,0.0,1.0,1,0
2025-01-21 10:00:00,1000525.8,-14.9,56,-21.8,-21.8,21.1,0,0.0,82.0,1,0
2025-01-21 11:00:00,1016598.4,-13.5,51,-21.4,-20.2,19.8,0,0.0,231.0,1,0
2025-01-21 12:00:00,1024546.8,-12.4,47,-21.5,-19.2,19.9,0,0.0,362.0,1,0
2025-01-21 13:00:00,1008457.9,-11.6,41,-22.2,-18.1,17.6,0,0.0,445.0,1,0
2025-01-21 14:00:00,1028562.0,-11.4,40,-22.2,-17.4,14.5,98,0.0,477.0,1,0
2025-01-21 15:00:00,1040757.7,-11.4,39,-22.6,-17.2,13.2,100,0.0,409.0,1,0
2025-01-21 16:00:00,1084565.3,-11.4,40,-22.3,-17.1,11.8,100,0.0,279.0,1,0
2025-01-21 17:00:00,1173804.9,-11.9,42,-22.1,-17.5,12.1,74,0.0,173.0,1,0
2025-01-21 18:00:00,1215745.8,-12.6,50,-20.8,-18.3,13.0,18,0.0,67.0,1,0
2025-01-21 19:00:00,1210496.5,-13.1,55,-20.1,-19.0,14.8,7,0.0,1.0,1,0
2025-01-21 20:00:00,1186155.7,-13.6,59,-19.9,-19.5,14.4,0,0.0,0.0,1,0
2025-01-21 21:00:00,1137992.8,-14.6,59,-21.0,-20.6,14.4,0,0.0,0.0,1,0
2025-01-21 22:00:00,1055735.4,-15.2,59,-21.4,-21.3,15.5,0,0.0,0.0,1,0
2025-01-21 23:00:00,972123.4,-15.5,61,-21.3,-21.5,15.0,1,0.0,0.0,1,0
2025-01-22 00:00:00,896992.9,-15.7,63,-21.1,-21.8,15.1,5,0.0,0.0,2,0
2025-01-22 01:00:00,848227.0,-15.8,65,-21.0,-21.8,14.8,0,0.0,0.0,2,0
2025-01-22 02:00:00,819630.1,-16.1,66,-21.0,-22.1,14.9,0,0.0,0.0,2,0
2025-01-22 03:00:00,805107.7,-16.2,66,-21.1,-22.3,14.8,2,0.0,0.0,2,0
2025-01-22 04:00:00,807303.9,-16.4,65,-21.5,-22.4,14.9,0,0.0,0.0,2,0
2025-01-22 05:00:00,831919.0,-16.6,63,-22.0,-22.4,13.0,0,0.0,0.0,2,0
2025-01-22 06:00:00,883674.5,-16.9,63,-22.3,-22.5,11.7,0,0.0,0.0,2,0
2025-01-22 07:00:00,965079.8,-17.1,61,-22.9,-22.6,10.8,0,0.0,0.0,2,0
2025-01-22 08:00:00,990218.5,-17.3,61,-23.0,-22.6,9.7,0,0.0,0.0,2,0
2025-01-22 09:00:00,1002096.2,-18.5,65,-23.5,-24.1,10.9,2,0.0,1.0,2,0
2025-01-22 10:00:00,1040051.2,-18.0,61,-23.8,-23.5,10.7,4,0.0,84.0,2,0
2025-01-22 11:00:00,1074940.4,-16.3,57,-22.9,-21.4,8.1,35,0.0,236.0,2,0
2025-01-22 12:00:00,1087121.0,-14.2,56,-21.0,-19.3,7.9,96,0.0,355.0,2,0
2025-01-22 13:00:00,1080026.5,-12.1,71,-16.2,-18.2,16.8,100,0.0,412.0,2,0
2025-01-22 14:00:00,1073696.7,-10.9,71,-15.1,-18.0,24.6,100,0.0,253.0,2,0
2025-01-22 15:00:00,1081722.9,-10.6,67,-15.5,-17.3,21.4,100,0.0,187.0,2,0
2025-01-22 16:00:00,1120836.4,-10.6,70,-15.0,-17.0,19.6,100,0.1,130.0,2,0
2025-01-22 17:00:00,1202343.0,-10.4,70,-14.9,-16.5,17.5,100,0.1,85.0,2,0
2025-01-22 18:00:00,1227688.0,-10.1,75,-13.8,-16.0,15.8,100,0.1,31.0,2,0
2025-01-22 19:00:00,1212500.2,-9.6,77,-12.8,-15.6,17.2,100,0.1,1.0,2,0
2025-01-22 20:00:00,1186892.2,-9.2,77,-12.5,-15.7,21.0,100,0.1,0.0,2,0
2025-01-22 21:00:00,1133140.0,-8.6,70,-13.2,-15.4,22.2,100,0.1,0.0,2,0
2025-01-22 22:00:00,1044573.2,-8.1,68,-12.9,-14.9,22.9,100,0.1,0.0,2,0
2025-01-22 23:00:00,951891.8,-7.9,68,-12.9,-14.6,22.0,100,0.0,0.0,2,0
2025-01-23 00:00:00,871577.0,-7.8,66,-13.1,-14.5,21.8,99,0.0,0.0,3,0
2025-01-23 01:00:00,820700.2,-7.8,66,-13.1,-14.3,21.0,99,0.0,0.0,3,0
2025-01-23 02:00:00,787833.0,-7.7,68,-12.6,-14.1,20.6,100,0.0,0.0,3,0
2025-01-23 03:00:00,770751.4,-7.4,70,-11.9,-13.8,20.5,100,0.0,0.0,3,0
2025-01-23 04:00:00,769967.1,-7.2,74,-11.1,-13.4,19.1,100,0.1,0.0,3,0
2025-01-23 05:00:00,792016.7,-7.0,77,-10.4,-12.9,17.7,100,0.1,0.0,3,0
2025-01-23 06:00:00,835925.4,-6.9,79,-9.9,-12.5,16.0,100,0.1,0.0,3,0
2025-01-23 07:00:00,909182.3,-6.8,81,-9.4,-12.1,14.2,100,0.1,0.0,3,0
2025-01-23 08:00:00,928120.2,-6.8,82,-9.4,-11.9,13.1,100,0.2,0.0,3,0
2025-01-23 09:00:00,955369.9,-7.3,82,-9.8,-12.5,13.8,100,0.1,1.0,3,0
2025-01-23 10:00:00,982037.6,-7.0,82,-9.6,-12.2,13.4,100,0.1,32.0,3,0
2025-01-23 11:00:00,1001796.1,-6.4,80,-9.2,-11.7,14.2,100,0.2,82.0,3,0
2025-01-23 12:00:00,1004006.9,-5.6,76,-9.1,-10.9,15.1,100,0.1,190.0,3,0
2025-01-23 13:00:00,991507.1,-4.9,72,-9.2,-10.9,19.0,100,0.0,360.0,3,0
2025-01-23 14:00:00,981661.2,-4.7,71,-9.1,-10.6,18.8,81,0.0,415.0,3,0
2025-01-23 15:00:00,990261.6,-4.7,72,-8.9,-10.2,16.0,95,0.0,384.0,3,0
2025-01-23 16:00:00,1029280.3,-4.8,73,-8.8,-10.1,14.8,90,0.0,295.0,3,0
2025-01-23 17:00:00,1099350.3,-5.0,75,-8.8,-10.1,13.6,100,0.0,199.0,3,0
2025-01-23 18:00:00,1131479.1,-5.2,78,-8.5,-10.4,13.9,95,0.0,59.0,3,0
2025-01-23 19:00:00,1123388.1,-5.5,79,-8.6,-10.7,14.0,94,0.0,1.0,3,0
2025-01-23 20:00:00,1097847.6,-5.8,81,-8.5,-11.0,14.5,100,0.0,0.0,3,0
2025-01-23 21:00:00,1052660.7,-5.8,81,-8.6,-11.1,14.7,99,0.0,0.0,3,0
2025-01-23 22:00:00,972853.3,-5.9,82,-8.6,-11.2,14.5,100,0.0,0.0,3,0
2025-01-23 23:00:00,887773.5,-6.2,82,-8.8,-11.1,12.1,60,0.0,0.0,3,0
2025-01-24 00:00:00,818528.4,-6.8,81,-9.6,-11.5,9.7,26,0.0,0.0,4,0
2025-01-24 01:00:00,765960.4,-7.4,80,-10.2,-12.0,9.1,6,0.0,0.0,4,0
2025-01-24 02:00:00,738688.1,-8.6,80,-11.5,-13.3,8.8,13,0.0,0.0,4,0
2025-01-24 03:00:00,723864.0,-9.4,80,-12.1,-14.2,10.0,13,0.0,0.0,4,0
2025-01-24 04:00:00,735591.5,-9.5,80,-12.2,-14.9,13.8,2,0.0,0.0,4,0
2025-01-24 05:00:00,752144.3,-9.4,81,-12.0,-14.7,13.1,0,0.0,0.0,4,0
2025-01-24 06:00:00,797479.7,-10.1,80,-12.9,-15.4,12.4,0,0.0,0.0,4,0
2025-01-24 07:00:00,872917.2,-11.1,79,-14.1,-16.2,10.9,19,0.0,0.0,4,0
2025-01-24 08:00:00,908165.8,-11.4,77,-14.7,-16.3,8.8,86,0.0,0.0,4,0
2025-01-24 09:00:00,940723.5,-12.6,78,-15.8,-16.9,4.0,68,0.0,2.0,4,0
2025-01-24 10:00:00,966221.9,-11.6,73,-15.4,-15.6,3.1,45,0.0,77.0,4,0
2025-01-24 11:00:00,977047.1,-9.9,73,-13.9,-14.0,4.2,24,0.0,199.0,4,0
2025-01-24 12:00:00,982770.1,-8.5,73,-12.5,-12.7,5.3,23,0.0,320.0,4,0
2025-01-24 13:00:00,980032.6,-7.5,70,-11.9,-11.6,4.8,2,0.0,429.0,4,0
2025-01-24 14:00:00,982410.0,-6.7,68,-11.6,-10.8,5.2,19,0.0,471.0,4,0
2025-01-24 15:00:00,992940.4,-6.0,64,-11.8,-10.7,8.7,6,0.0,440.0,4,0
2025-01-24 16:00:00,1028848.9,-5.8,57,-13.0,-11.1,12.6,45,0.0,335.0,4,0
2025-01-24 17:00:00,1089720.5,-6.1,64,-11.8,-11.2,12.3,100,0.0,172.0,4,0
2025-01-24 18:00:00,1112886.4,-6.7,73,-10.6,-11.6,11.2,100,0.1,50.0,4,0
2025-01-24 19:00:00,1105012.1,-6.9,76,-10.4,-12.0,12.6,100,0.1,1.0,4,0
2025-01-24 20:00:00,1085586.9,-7.4,73,-11.4,-12.8,13.8,100,0.0,0.0,4,0
2025-01-24 21:00:00,1043720.2,-7.6,69,-12.2,-13.1,14.5,97,0.0,0.0,4,0
2025-01-24 22:00:00,978989.3,-8.2,69,-12.9,-13.7,13.8,71,0.0,0.0,4,0
2025-01-24 23:00:00,905003.2,-9.1,68,-14.1,-14.5,12.7,21,0.0,0.0,4,0
2025-01-25 00:00:00,837908.5,-9.6,66,-14.7,-14.7,10.7,5,0.0,0.0,5,0
2025-01-25 01:00:00,784717.0,-9.5,68,-14.3,-14.6,10.4,100,0.0,0.0,5,0
2025-01-25 02:00:00,748247.0,-8.9,74,-12.7,-14.1,11.8,89,0.0,0.0,5,0
2025-01-25 03:00:00,728167.9,-8.8,76,-12.2,-14.0,12.7,13,0.0,0.0,5,0
2025-01-25 04:00:00,721162.2,-9.1,76,-12.5,-14.5,13.5,0,0.0,0.0,5,0
2025-01-25 05:00:00,731408.6,-9.5,76,-12.9,-14.5,10.6,64,0.0,0.0,5,0
2025-01-25 06:00:00,754465.6,-9.9,76,-13.2,-14.8,10.4,20,0.0,0.0,5,0
2025-01-25 07:00:00,802207.7,-9.6,78,-12.8,-14.6,10.3,57,0.0,0.0,5,0
2025-01-25 08:00:00,876532.0,-8.8,80,-11.7,-14.0,12.5,95,0.0,0.0,5,0
2025-01-25 09:00:00,950124.1,-7.2,71,-11.4,-12.9,16.3,98,0.0,2.0,5,0
2025-01-25 10:00:00,1012805.7,-6.2,71,-10.6,-12.4,20.4,99,0.0,36.0,5,0
2025-01-25 11:00:00,1056750.1,-5.4,72,-9.7,-11.8,21.6,100,0.0,98.0,5,0
2025-01-25 12:00:00,1070537.7,-4.6,68,-9.6,-10.9,21.6,100,0.0,213.0,5,0
2025-01-25 13:00:00,1058300.1,-4.0,68,-9.0,-10.9,26.2,82,0.0,205.0,5,0
2025-01-25 14:00:00,1053334.4,-3.2,68,-8.2,-10.0,25.2,98,0.0,400.0,5,0
2025-01-25 15:00:00,1051557.1,-2.7,69,-7.6,-8.9,21.5,44,0.0,299.0,5,0
2025-01-25 16:00:00,1065142.2,-2.5,70,-7.2,-7.8,15.6,17,0.0,316.0,5,0
2025-01-25 17:00:00,1111666.8,-2.5,71,-6.9,-7.7,15.4,12,0.0,223.0,5,0
2025-01-25 18:00:00,1120149.2,-3.2,74,-7.1,-8.3,14.7,3,0.0,85.0,5,0
2025-01-25 19:00:00,1094760.2,-3.7,78,-6.9,-8.8,14.8,0,0.0,2.0,5,0
2025-01-25 20:00:00,1056832.7,-3.8,81,-6.6,-8.9,15.4,5,0.0,0.0,5,0
2025-01-25 21:00:00,1012978.1,-3.2,78,-6.5,-8.6,17.1,28,0.0,0.0,5,0
2025-01-25 22:00:00,949668.1,-3.0,79,-6.2,-8.5,17.5,100,0.0,0.0,5,0
2025-01-25 23:00:00,881325.1,-1.8,76,-5.6,-7.7,21.1,89,0.0,0.0,5,0
2025-01-26 00:00:00,811481.4,-1.1,73,-5.4,-7.4,23.7,90,0.6,0.0,6,0
2025-01-26 01:00:00,755606.5,-0.6,74,-4.7,-7.4,27.3,43,0.0,0.0,6,0
2025-01-26 02:00:00,717014.5,-1.2,76,-4.8,-7.4,23.8,77,0.0,0.0,6,0
2025-01-26 03:00:00,690482.1,-1.5,79,-4.6,-7.4,22.2,31,0.0,0.0,6,0
2025-01-26 04:00:00,679007.1,-1.6,78,-4.9,-7.7,22.4,15,0.0,0.0,6,0
2025-01-26 05:00:00,684891.4,-2.2,77,-5.8,-8.3,21.8,38,0.0,0.0,6,0
2025-01-26 06:00:00,705752.6,-2.5,76,-6.1,-8.6,22.1,24,0.0,0.0,6,0
2025-01-26 07:00:00,747698.8,-2.7,77,-6.1,-8.7,21.6,46,0.0,0.0,6,0
2025-01-26 08:00:00,806880.7,-2.7,78,-5.9,-8.7,21.4,56,0.0,0.0,6,0
2025-01-26 09:00:00,857211.2,-3.0,77,-6.5,-8.8,19.4,57,0.0,2.0,6,0
2025-01-26 10:00:00,908786.2,-3.0,76,-6.6,-8.6,18.4,1,0.0,81.0,6,0
2025-01-26 11:00:00,953466.3,-2.5,72,-6.8,-8.3,19.4,5,0.0,237.0,6,0
2025-01-26 12:00:00,988854.4,-1.9,73,-6.2,-7.5,18.2,82,0.0,364.0,6,0
2025-01-26 13:00:00,999472.5,-1.6,68,-6.8,-7.9,23.2,100,0.0,423.0,6,0
2025-01-26 14:00:00,996639.8,-1.8,65,-7.4,-8.1,22.6,100,0.0,336.0,6,0
2025-01-26 15:00:00,1000363.3,-1.9,62,-8.1,-8.0,21.3,99,0.0,285.0,6,0
2025-01-26 16:00:00,1027284.0,-2.0,64,-8.0,-8.0,20.0,100,0.0,212.0,6,0
2025-01-26 17:00:00,1111455.5,-2.2,73,-6.4,-7.7,17.3,94,0.0,115.0,6,0
2025-01-26 18:00:00,1143646.2,-2.8,69,-7.8,-8.6,18.5,100,0.0,56.0,6,0
2025-01-26 19:00:00,1114538.6,-3.5,76,-7.1,-8.4,13.3,100,0.0,2.0,6,0
2025-01-26 20:00:00,1079890.4,-3.3,76,-7.0,-9.2,20.2,100,0.0,0.0,6,0
2025-01-26 21:00:00,1027711.3,-3.1,68,-8.1,-8.6,16.3,100,0.0,0.0,6,0
2025-01-26 22:00:00,945297.7,-3.3,72,-7.7,-9.0,17.9,99,0.0,0.0,6,0
2025-01-26 23:00:00,852521.9,-3.7,75,-7.5,-9.4,18.2,100,0.0,0.0,6,0
2025-01-27 00:00:00,775957.2,-3.9,76,-7.6,-9.6,18.0,96,0.0,0.0,0,0
2025-01-27 01:00:00,724077.4,-4.4,75,-8.1,-10.2,18.8,39,0.0,0.0,0,0
2025-01-27 02:00:00,693695.4,-5.2,76,-8.8,-11.0,18.6,0,0.0,0.0,0,0
2025-01-27 03:00:00,678127.9,-5.4,75,-9.1,-11.3,18.3,53,0.0,0.0,0,0
2025-01-27 04:00:00,683326.6,-5.6,73,-9.6,-11.4,17.5,26,0.0,0.0,0,0
2025-01-27 05:00:00,712567.1,-5.4,72,-9.7,-11.3,17.7,40,0.0,0.0,0,0
2025-01-27 06:00:00,763510.4,-5.2,71,-9.6,-11.8,23.1,19,0.0,0.0,0,0
2025-01-27 07:00:00,837303.9,-5.3,71,-9.6,-11.6,20.9,0,0.0,0.0,0,0
2025-01-27 08:00:00,858239.0,-5.3,71,-9.8,-11.5,20.4,10,0.0,0.0,0,0
2025-01-27 09:00:00,868706.4,-4.1,65,-9.6,-10.7,23.4,2,0.0,3.0,0,0
2025-01-27 10:00:00,890787.3,-3.5,62,-9.7,-10.6,26.6,88,0.0,91.0,0,0
2025-01-27 11:00:00,909952.3,-2.8,62,-9.1,-9.9,26.8,97,0.0,223.0,0,0
2025-01-27 12:00:00,918372.6,-2.5,61,-8.9,-9.9,28.5,95,0.0,326.0,0,0
2025-01-27 13:00:00,902744.5,-2.3,61,-8.8,-9.4,26.9,93,0.0,424.0,0,0
2025-01-27 14:00:00,890123.0,-1.3,52,-9.8,-9.0,30.7,84,0.0,434.0,0,0
2025-01-27 15:00:00,906343.6,-1.0,50,-10.0,-8.8,31.5,77,0.0,430.0,0,0
2025-01-27 16:00:00,969465.3,-1.1,53,-9.6,-8.7,30.2,76,0.0,338.0,0,0
2025-01-27 17:00:00,1059162.6,-1.5,58,-8.7,-8.8,28.3,97,0.0,215.0,0,0
2025-01-27 18:00:00,1092784.4,-1.9,61,-8.4,-9.0,27.4,97,0.0,70.0,0,0
2025-01-27 19:00:00,1080796.0,-2.0,63,-8.0,-8.8,26.0,100,0.0,3.0,0,0
2025-01-27 20:00:00,1055116.7,-1.5,62,-7.8,-8.2,24.7,99,0.0,0.0,0,0
2025-01-27 21:00:00,1000753.2,-0.5,60,-7.3,-7.2,25.4,99,0.2,0.0,0,0
2025-01-27 22:00:00,920503.6,-0.5,67,-5.8,-7.0,25.0,100,0.3,0.0,0,0
2025-01-27 23:00:00,831629.3,-0.3,73,-4.7,-6.5,23.6,100,0.2,0.0,0,0
2025-01-28 00:00:00,756598.3,-0.2,76,-3.8,-6.3,23.8,100,0.2,0.0,1,0
2025-01-28 01:00:00,708032.3,0.2,78,-3.2,-6.0,24.6,100,0.2,0.0,1,0
2025-01-28 02:00:00,680505.4,-0.2,75,-4.1,-6.3,23.6,94,0.3,0.0,1,0
2025-01-28 03:00:00,672608.7,-1.7,70,-6.4,-8.0,23.4,100,0.1,0.0,1,0
2025-01-28 04:00:00,681183.8,-4.2,74,-8.2,-10.7,22.9,70,0.0,0.0,1,0
2025-01-28 05:00:00,713477.8,-6.7,70,-11.2,-13.1,21.5,96,0.0,0.0,1,0
2025-01-28 06:00:00,771123.7,-8.2,66,-13.4,-14.4,18.8,45,0.0,0.0,1,0
2025-01-28 07:00:00,851032.6,-9.2,69,-13.9,-14.9,14.6,63,0.0,0.0,1,0
2025-01-28 08:00:00,872521.3,-10.4,69,-14.9,-15.6,11.7,70,0.0,0.0,1,0
2025-01-28 09:00:00,883451.0,-11.6,71,-15.9,-16.6,8.8,58,0.0,3.0,1,0
2025-01-28 10:00:00,905937.9,-11.2,69,-15.9,-15.4,3.7,55,0.0,76.0,1,0
2025-01-28 11:00:00,929959.6,-10.1,64,-15.6,-14.3,4.7,96,0.0,258.0,1,0
2025-01-28 12:00:00,939921.8,-8.9,59,-15.6,-13.7,7.6,100,0.0,368.0,1,0
2025-01-28 13:00:00,939401.8,-8.2,58,-15.1,-13.2,9.3,100,0.0,390.0,1,0
2025-01-28 14:00:00,942953.4,-7.5,61,-13.8,-12.3,9.1,100,0.0,330.0,1,0
2025-01-28 15:00:00,959276.9,-6.3,62,-12.5,-11.8,13.7,100,0.0,283.0,1,0
2025-01-28 16:00:00,1002763.1,-5.3,61,-11.8,-10.8,14.8,100,0.0,158.0,1,0
2025-01-28 17:00:00,1081081.4,-4.9,58,-11.9,-9.9,10.7,100,0.0,85.0,1,0
2025-01-28 18:00:00,1109645.9,-4.8,65,-10.4,-9.8,11.7,100,0.2,30.0,1,0
2025-01-28 19:00:00,1094635.5,-4.2,75,-8.1,-10.2,19.6,100,0.4,2.0,1,0
2025-01-28 20:00:00,1063270.6,-3.2,85,-5.4,-9.1,20.9,100,0.8,0.0,1,0
2025-01-28 21:00:00,1011335.8,-2.3,90,-3.7,-6.5,11.1,100,0.9,0.0,1,0
2025-01-28 22:00:00,930325.6,-1.0,84,-3.3,-4.9,8.9,100,0.1,0.0,1,0
2025-01-28 23:00:00,839383.1,0.5,81,-2.3,-4.7,18.5,100,0.2,0.0,1,0
2025-01-29 00:00:00,762377.3,1.6,79,-1.6,-3.3,17.4,96,0.0,0.0,2,0
2025-01-29 01:00:00,704685.0,1.3,80,-1.8,-3.2,14.6,100,0.0,0.0,2,0
2025-01-29 02:00:00,671428.1,1.8,83,-0.9,-2.9,16.2,100,0.2,0.0,2,0
2025-01-29 03:00:00,655259.2,1.9,85,-0.3,-2.8,17.6,37,0.3,0.0,2,0
2025-01-29 04:00:00,662771.8,1.7,81,-1.2,-3.2,17.5,74,0.0,0.0,2,0
2025-01-29 05:00:00,683610.8,1.4,83,-1.1,-4.1,21.6,99,1.0,0.0,2,0
2025-01-29 06:00:00,734204.7,1.6,81,-1.2,-4.5,26.2,100,0.1,0.0,2,0
2025-01-29 07:00:00,802048.7,1.0,84,-1.3,-4.8,23.9,79,0.1,0.0,2,0
2025-01-29 08:00:00,832520.5,-0.3,76,-4.1,-7.0,27.3,51,0.0,0.0,2,0
2025-01-29 09:00:00,851865.1,-0.4,76,-4.1,-6.8,25.4,67,0.0,3.0,2,0
2025-01-29 10:00:00,868610.3,-1.5,70,-6.3,-8.6,28.9,39,0.0,95.0,2,0
2025-01-29 11:00:00,883133.7,-2.6,68,-7.7,-9.6,27.3,23,0.0,237.0,2,0
2025-01-29 12:00:00,900454.8,-3.4,68,-8.4,-10.3,25.9,61,0.0,401.0,2,0
2025-01-29 13:00:00,897916.9,-4.1,68,-9.1,-11.2,27.2,53,0.0,483.0,2,0
2025-01-29 14:00:00,892402.0,-4.8,65,-10.4,-12.0,27.4,44,0.0,528.0,2,0
2025-01-29 15:00:00,917714.5,-5.3,64,-10.9,-12.4,26.2,11,0.0,497.0,2,0
2025-01-29 16:00:00,968704.7,-5.9,63,-11.9,-13.1,26.0,3,0.0,415.0,2,0
2025-01-29 17:00:00,1052986.6,-6.8,63,-12.6,-14.1,26.6,4,0.0,271.0,2,0
2025-01-29 18:00:00,1099751.1,-7.7,67,-12.9,-14.8,25.2,37,0.0,109.0,2,0
2025-01-29 19:00:00,1097213.2,-8.1,68,-13.1,-14.9,22.5,52,0.0,5.0,2,0
2025-01-29 20:00:00,1075910.7,-8.6,68,-13.6,-15.2,20.6,15,0.0,0.0,2,0
2025-01-29 21:00:00,1028649.5,-8.6,66,-13.8,-14.9,19.3,51,0.0,0.0,2,0
2025-01-29 22:00:00,950224.8,-9.1,67,-14.1,-15.1,17.2,100,0.0,0.0,2,0
2025-01-29 23:00:00,865763.1,-9.4,68,-14.1,-15.1,14.8,95,0.0,0.0,2,0
2025-01-30 00:00:00,795666.8,-9.7,69,-14.3,-15.1,12.8,60,0.0,0.0,3,0
2025-01-30 01:00:00,747188.8,-9.6,71,-13.8,-14.8,12.0,100,0.0,0.0,3,0
2025-01-30 02:00:00,717019.2,-9.1,73,-13.1,-13.9,8.5,100,0.0,0.0,3,0
2025-01-30 03:00:00,701504.3,-9.2,77,-12.5,-13.3,3.9,100,0.0,0.0,3,0
2025-01-30 04:00:00,703895.1,-10.1,79,-13.1,-14.0,2.9,90,0.0,0.0,3,0
2025-01-30 05:00:00,729042.8,-12.2,78,-15.3,-15.9,0.6,50,0.0,0.0,3,0
2025-01-30 06:00:00,777515.5,-12.5,77,-15.7,-16.4,2.2,80,0.0,0.0,3,0
2025-01-30 07:00:00,848951.8,-12.2,79,-15.1,-16.6,5.7,100,0.0,0.0,3,0
2025-01-30 08:00:00,874471.5,-11.6,76,-15.0,-15.9,5.1,22,0.0,0.0,3,0
2025-01-30 09:00:00,895928.4,-8.7,75,-12.2,-13.5,9.6,93,0.0,4.0,3,0
2025-01-30 10:00:00,917220.0,-7.2,78,-10.4,-12.3,12.2,100,0.0,90.0,3,0
2025-01-30 11:00:00,941540.5,-5.9,80,-8.8,-10.7,11.0,77,0.0,215.0,3,0
2025-01-30 12:00:00,949872.6,-4.7,78,-8.0,-8.9,7.7,99,0.0,369.0,3,0
2025-01-30 13:00:00,933892.1,-3.2,76,-6.8,-7.5,9.0,100,0.0,401.0,3,0
2025-01-30 14:00:00,930959.9,-2.3,72,-6.8,-6.7,9.3,100,0.0,339.0,3,0
2025-01-30 15:00:00,939513.4,-1.6,69,-6.6,-6.2,10.7,98,0.0,314.0,3,0
2025-01-30 16:00:00,969344.7,-1.4,73,-5.6,-5.9,11.9,100,0.0,127.0,3,0
2025-01-30 17:00:00,1029682.8,-1.0,74,-5.2,-5.8,13.3,100,0.0,63.0,3,0
2025-01-30 18:00:00,1064614.3,-0.8,74,-4.8,-5.1,10.6,84,0.0,52.0,3,0
2025-01-30 19:00:00,1058324.6,-0.9,76,-4.6,-5.0,9.6,7,0.0,4.0,3,0
2025-01-30 20:00:00,1034777.9,-1.3,79,-4.5,-5.5,10.0,83,0.0,0.0,3,0
2025-01-30 21:00:00,988202.9,-0.4,75,-4.3,-4.7,10.6,97,0.0,0.0,3,0
2025-01-30 22:00:00,913358.4,-1.0,77,-4.4,-5.1,9.3,100,0.0,0.0,3,0
2025-01-30 23:00:00,830796.5,-0.9,77,-4.3,-5.4,12.7,100,0.0,0.0,3,0
2025-01-31 00:00:00,756204.0,-0.4,79,-3.7,-5.0,13.5,87,0.0,0.0,4,0
2025-01-31 01:00:00,702692.0,0.2,79,-3.0,-4.3,13.3,0,0.0,0.0,4,0
2025-01-31 02:00:00,670597.4,0.3,80,-2.7,-4.1,13.5,0,0.0,0.0,4,0
2025-01-31 03:00:00,654844.2,0.1,81,-2.8,-4.1,11.7,62,0.0,0.0,4,0
2025-01-31 04:00:00,654221.1,-0.4,82,-3.2,-4.7,11.6,99,0.0,0.0,4,0
2025-01-31 05:00:00,678365.7,-0.7,84,-3.1,-4.9,11.4,96,0.0,0.0,4,0
2025-01-31 06:00:00,724358.4,-0.9,85,-3.2,-5.1,11.0,100,0.0,0.0,4,0
2025-01-31 07:00:00,796600.3,-0.9,85,-3.0,-4.3,6.3,100,0.0,0.0,4,0
2025-01-31 08:00:00,831352.8,-2.0,86,-4.1,-5.3,3.8,100,0.0,0.0,4,0
2025-01-31 09:00:00,851984.1,-1.5,85,-3.7,-4.6,3.1,100,0.0,2.0,4,0
2025-01-31 10:00:00,883743.4,-1.3,86,-3.3,-4.8,6.5,100,0.0,58.0,4,0
2025-01-31 11:00:00,908161.0,-0.3,86,-2.4,-3.9,7.5,100,0.0,126.0,4,0
2025-01-31 12:00:00,919002.6,0.6,84,-1.8,-2.7,6.5,100,0.0,206.0,4,0
2025-01-31 13:00:00,911228.3,1.2,82,-1.6,-2.2,7.1,100,0.0,274.0,4,0
2025-01-31 14:00:00,906634.5,1.7,79,-1.5,-2.1,9.8,100,0.0,299.0,4,0
2025-01-31 15:00:00,914667.4,1.7,81,-1.2,-2.0,9.3,100,0.0,159.0,4,0
2025-01-31 16:00:00,946005.6,1.5,82,-1.2,-2.0,8.3,100,0.0,124.0,4,0
2025-01-31 17:00:00,992495.9,1.1,87,-0.9,-1.7,4.4,100,0.1,56.0,4,0
2025-01-31 18:00:00,1014528.4,0.9,89,-0.7,-2.9,10.4,100,0.3,25.0,4,0
2025-01-31 19:00:00,1006040.6,0.5,86,-1.5,-3.5,11.1,100,0.3,2.0,4,0
2025-01-31 20:00:00,987813.0,0.2,84,-2.2,-4.0,12.2,100,0.1,0.0,4,0
2025-01-31 21:00:00,956636.4,-0.2,83,-2.8,-5.1,16.7,100,0.0,0.0,4,0
2025-01-31 22:00:00,898622.3,-1.0,84,-3.5,-6.3,18.2,89,0.0,0.0,4,0
2025-01-31 23:00:00,843135.2,-2.2,83,-4.7,-7.9,20.5,100,0.0,0.0,4,0
2025-02-01 00:00:00,793619.1,-4.1,78,-7.3,-10.2,21.4,0,0.0,0.0,5,0
2025-02-01 01:00:00,757114.8,-6.8,76,-10.4,-13.3,21.9,0,0.0,0.0,5,0
2025-02-01 02:00:00,730788.3,-8.7,73,-12.6,-15.2,21.2,0,0.0,0.0,5,0
2025-02-01 03:00:00,715533.1,-10.1,73,-14.1,-16.6,20.3,0,0.0,0.0,5,0
2025-02-01 04:00:00,710752.2,-11.4,71,-15.6,-18.0,20.9,0,0.0,0.0,5,0
2025-02-01 05:00:00,721695.5,-12.2,70,-16.6,-18.5,17.7,20,0.0,0.0,5,0
2025-02-01 06:00:00,748699.9,-13.1,70,-17.4,-19.0,15.4,0,0.0,0.0,5,0
2025-02-01 07:00:00,802231.1,-13.9,70,-18.2,-19.6,13.7,0,0.0,0.0,5,0
2025-02-01 08:00:00,873064.1,-14.7,71,-18.9,-20.2,11.6,3,0.0,0.0,5,0
2025-02-01 09:00:00,934535.7,-14.4,70,-18.8,-19.6,9.7,3,0.0,6.0,5,0
2025-02-01 10:00:00,984283.3,-13.9,68,-18.5,-19.2,10.1,1,0.0,110.0,5,0
2025-02-01 11:00:00,1019786.1,-13.6,67,-18.5,-18.9,10.1,19,0.0,275.0,5,0
2025-02-01 12:00:00,1033229.3,-13.2,66,-18.1,-18.1,8.2,0,0.0,420.0,5,0
2025-02-01 13:00:00,1020580.0,-12.9,65,-18.1,-17.8,8.1,0,0.0,511.0,5,0
2025-02-01 14:00:00,1006576.8,-12.5,64,-18.0,-17.4,8.3,54,0.0,539.0,5,0
2025-02-01 15:00:00,1003104.3,-12.4,62,-18.2,-17.5,9.4,21,0.0,509.0,5,0
2025-02-01 16:00:00,1026780.5,-12.4,60,-18.6,-17.5,9.5,0,0.0,419.0,5,0
2025-02-01 17:00:00,1092064.2,-12.5,60,-18.7,-17.3,7.3,1,0.0,283.0,5,0
2025-02-01 18:00:00,1132832.0,-13.0,62,-18.7,-17.6,5.5,0,0.0,120.0,5,0
2025-02-01 19:00:00,1112686.0,-13.9,66,-18.9,-18.5,6.0,91,0.0,8.0,5,0
2025-02-01 20:00:00,1081966.7,-14.2,66,-19.1,-19.0,6.6,100,0.0,0.0,5,0
2025-02-01 21:00:00,1041621.1,-12.9,63,-18.5,-17.7,6.7,84,0.0,0.0,5,0
2025-02-01 22:00:00,988350.3,-13.3,64,-18.6,-18.2,8.0,76,0.0,0.0,5,0
2025-02-01 23:00:00,917966.8,-13.4,63,-19.0,-18.3,7.3,92,0.0,0.0,5,0
2025-02-02 00:00:00,852861.3,-13.2,64,-18.7,-18.6,10.6,96,0.0,0.0,6,0
2025-02-02 01:00:00,799362.5,-12.2,65,-17.5,-17.5,10.9,100,0.0,0.0,6,0
2025-02-02 02:00:00,761099.0,-11.2,67,-16.1,-16.2,9.3,100,0.0,0.0,6,0
2025-02-02 03:00:00,734747.1,-9.9,70,-14.3,-14.4,6.4,100,0.0,0.0,6,0
2025-02-02 04:00:00,722632.4,-8.6,78,-11.6,-13.4,10.1,100,0.0,0.0,6,0
2025-02-02 05:00:00,728093.6,-7.8,76,-11.2,-13.3,14.8,100,0.0,0.0,6,0
2025-02-02 06:00:00,746531.7,-7.4,75,-11.1,-13.6,19.6,100,0.0,0.0,6,0
2025-02-02 07:00:00,786031.0,-7.3,76,-10.8,-13.6,20.1,100,0.0,0.0,6,0
2025-02-02 08:00:00,850013.6,-7.2,70,-11.8,-13.5,20.6,100,0.0,0.0,6,0
2025-02-02 09:00:00,916509.2,-6.6,74,-10.4,-12.8,20.6,100,0.0,4.0,6,0
2025-02-02 10:00:00,977678.0,-6.4,79,-9.6,-12.7,21.1,100,0.0,59.0,6,0
2025-02-02 11:00:00,1020093.9,-6.0,77,-9.4,-12.1,20.0,100,0.0,154.0,6,0
2025-02-02 12:00:00,1042792.0,-5.6,75,-9.4,-11.5,18.6,100,0.0,250.0,6,0
2025-02-02 13:00:00,1045954.2,-4.8,73,-9.0,-10.5,17.3,100,0.0,308.0,6,0
2025-02-02 14:00:00,1048547.7,-4.2,71,-8.7,-9.5,14.8,100,0.0,264.0,6,0
2025-02-02 15:00:00,1055172.1,-3.5,72,-7.9,-8.6,13.7,100,0.1,201.0,6,0
2025-02-02 16:00:00,1084276.4,-3.2,78,-6.5,-8.0,12.3,100,0.4,104.0,6,0
2025-02-02 17:00:00,1144268.5,-3.0,85,-5.2,-7.4,11.0,100,0.5,64.0,6,0
2025-02-02 18:00:00,1164688.8,-2.6,87,-4.4,-6.6,8.6,100,0.1,25.0,6,0
2025-02-02 19:00:00,1134554.9,-2.4,89,-4.0,-5.8,5.4,100,0.1,3.0,6,0
2025-02-02 20:00:00,1092806.1,-2.5,89,-4.0,-5.3,0.9,100,0.0,0.0,6,0
2025-02-02 21:00:00,1035898.0,-3.7,90,-5.1,-6.6,0.8,100,0.0,0.0,6,0
2025-02-02 22:00:00,946298.1,-3.9,90,-5.3,-7.3,3.6,92,0.0,0.0,6,0
2025-02-02 23:00:00,854282.0,-4.9,90,-6.3,-8.7,5.9,97,0.0,0.0,6,0
2025-02-03 00:00:00,775886.6,-5.1,90,-6.4,-8.7,4.3,100,0.0,0.0,0,0
2025-02-03 01:00:00,720150.2,-4.9,90,-6.4,-8.6,5.1,100,0.0,0.0,0,0
2025-02-03 02:00:00,685722.7,-4.7,89,-6.2,-8.5,6.8,100,0.0,0.0,0,0
2025-02-03 03:00:00,667825.9,-4.2,88,-5.8,-8.2,8.2,100,0.0,0.0,0,0
2025-02-03 04:00:00,667914.9,-3.6,88,-5.3,-7.5,7.4,100,0.0,0.0,0,0
2025-02-03 05:00:00,691852.6,-2.9,89,-4.4,-6.9,9.0,100,0.0,0.0,0,0
2025-02-03 06:00:00,741275.4,-2.4,89,-3.9,-6.3,8.6,100,0.0,0.0,0,0
2025-02-03 07:00:00,815907.3,-1.9,90,-3.3,-5.4,6.5,100,0.0,0.0,0,0
2025-02-03 08:00:00,841430.3,-1.3,91,-2.5,-5.0,8.3,100,0.0,0.0,0,0
2025-02-03 09:00:00,863096.7,-1.3,92,-2.5,-5.2,10.1,100,0.0,2.0,0,0
2025-02-03 10:00:00,889456.2,-0.3,92,-1.5,-4.6,13.0,100,0.0,35.0,0,0
2025-02-03 11:00:00,916473.4,0.1,92,-1.1,-3.5,9.0,100,0.0,66.0,0,0
2025-02-03 12:00:00,930287.3,0.7,92,-0.4,-3.0,10.1,100,0.1,91.0,0,0
2025-02-03 13:00:00,922742.4,1.1,93,0.1,-2.0,7.2,100,0.1,97.0,0,0
2025-02-03 14:00:00,917090.7,1.2,93,0.3,-1.3,3.4,100,0.2,104.0,0,0
2025-02-03 15:00:00,929570.6,1.2,94,0.4,-2.0,8.2,100,0.6,64.0,0,0
2025-02-03 16:00:00,974024.2,1.2,96,0.6,-2.0,8.5,100,0.6,66.0,0,0
2025-02-03 17:00:00,1036759.9,1.1,95,0.4,-2.7,12.0,100,0.5,33.0,0,0
2025-02-03 18:00:00,1061072.8,0.8,92,-0.3,-3.3,13.1,100,0.4,11.0,0,0
2025-02-03 19:00:00,1050980.7,0.3,89,-1.2,-3.8,12.0,100,0.1,2.0,0,0
2025-02-03 20:00:00,1021969.6,0.2,90,-1.1,-3.8,11.9,100,0.3,0.0,0,0
2025-02-03 21:00:00,968428.3,0.2,91,-1.2,-3.8,11.5,100,1.0,0.0,0,0
2025-02-03 22:00:00,885396.9,-0.2,89,-1.7,-4.2,11.5,100,0.3,0.0,0,0
2025-02-03 23:00:00,801160.0,-0.3,88,-2.0,-4.2,10.3,100,0.0,0.0,0,0
2025-02-04 00:00:00,728779.5,-0.5,88,-2.2,-4.6,11.1,91,0.0,0.0,1,0
2025-02-04 01:00:00,682801.6,-1.5,87,-3.5,-6.1,13.1,49,0.0,0.0,1,0
2025-02-04 02:00:00,658294.7,-3.0,85,-5.2,-8.1,15.1,17,0.0,0.0,1,0
2025-02-04 03:00:00,648886.3,-3.8,84,-6.2,-8.9,14.8,19,0.0,0.0,1,0
2025-02-04 04:00:00,654443.5,-4.1,83,-6.6,-9.3,15.3,36,0.0,0.0,1,0
2025-02-04 05:00:00,683995.0,-4.3,82,-7.0,-9.7,15.9,71,0.0,0.0,1,0
2025-02-04 06:00:00,737240.4,-4.8,82,-7.4,-10.0,15.2,88,0.0,0.0,1,0
2025-02-04 07:00:00,813544.4,-5.1,83,-7.6,-10.4,15.4,94,0.0,0.0,1,0
2025-02-04 08:00:00,832957.9,-5.4,82,-8.1,-10.7,14.9,96,0.0,0.0,1,0
2025-02-04 09:00:00,852744.9,-5.1,78,-8.3,-10.2,14.1,100,0.0,8.0,1,0
2025-02-04 10:00:00,862160.1,-4.6,80,-7.4,-9.0,9.6,95,0.1,88.0,1,0
2025-02-04 11:00:00,882710.4,-3.7,80,-6.7,-8.1,10.1,45,0.3,141.0,1,0
2025-02-04 12:00:00,889823.8,-2.5,75,-6.2,-8.2,19.4,75,0.0,388.0,1,0
2025-02-04 13:00:00,886024.2,-4.2,72,-8.4,-10.1,19.6,80,0.0,434.0,1,0
2025-02-04 14:00:00,885260.4,-5.3,72,-9.5,-11.8,22.2,100,0.0,378.0,1,0
2025-02-04 15:00:00,903835.2,-6.1,72,-10.3,-12.4,21.0,100,0.0,271.0,1,0
2025-02-04 16:00:00,948062.9,-6.8,72,-11.0,-13.0,20.2,99,0.0,274.0,1,0
2025-02-04 17:00:00,1031364.1,-7.6,70,-12.1,-13.7,18.6,75,0.0,196.0,1,0
2025-02-04 18:00:00,1094505.1,-8.5,72,-12.6,-14.3,15.9,100,0.0,99.0,1,0
2025-02-04 19:00:00,1094709.3,-8.9,74,-12.6,-14.3,13.8,100,0.0,9.0,1,0
2025-02-04 20:00:00,1074918.5,-8.9,75,-12.6,-14.4,13.9,100,0.0,0.0,1,0
2025-02-04 21:00:00,1029867.5,-8.4,73,-12.5,-13.8,12.9,98,0.0,0.0,1,0
2025-02-04 22:00:00,951410.2,-9.1,74,-12.9,-14.2,11.6,97,0.0,0.0,1,0
2025-02-04 23:00:00,867536.9,-9.6,74,-13.2,-14.6,10.5,100,0.0,0.0,1,0
2025-02-05 00:00:00,796559.8,-9.7,74,-13.5,-14.7,10.1,96,0.0,0.0,2,0
2025-02-05 01:00:00,745932.3,-10.1,73,-13.9,-14.8,8.2,98,0.0,0.0,2,0
2025-02-05 02:00:00,715777.0,-10.3,73,-14.1,-14.7,6.0,100,0.0,0.0,2,0
2025-02-05 03:00:00,699124.0,-10.7,74,-14.4,-14.8,3.9,100,0.0,0.0,2,0
2025-02-05 04:00:00,700480.1,-10.2,73,-14.1,-14.4,4.4,100,0.0,0.0,2,0
2025-02-05 05:00:00,728757.1,-10.5,75,-14.1,-14.6,4.0,98,0.0,0.0,2,0
2025-02-05 06:00:00,783639.6,-10.1,75,-13.7,-14.5,5.6,93,0.0,0.0,2,0
2025-02-05 07:00:00,858265.1,-10.4,74,-14.1,-15.1,7.8,27,0.0,0.0,2,0
2025-02-05 08:00:00,875657.3,-10.9,74,-14.6,-15.6,7.2,56,0.0,0.0,2,0
2025-02-05 09:00:00,889377.7,-10.5,75,-14.1,-15.1,7.5,26,0.0,9.0,2,0
2025-02-05 10:00:00,906011.0,-10.1,78,-13.2,-14.8,8.3,26,0.0,126.0,2,0
2025-02-05 11:00:00,919255.4,-9.3,78,-12.4,-13.9,7.8,6,0.0,291.0,2,0
2025-02-05 12:00:00,922026.7,-8.4,71,-12.9,-12.7,5.3,74,0.0,428.0,2,0
2025-02-05 13:00:00,914203.0,-7.8,67,-12.9,-11.8,3.6,19,0.0,517.0,2,0
2025-02-05 14:00:00,905300.3,-7.2,66,-12.6,-10.9,1.3,40,0.0,548.0,2,0
2025-02-05 15:00:00,923165.9,-6.8,66,-12.1,-10.3,0.7,95,0.0,519.0,2,0
2025-02-05 16:00:00,971906.1,-6.5,66,-11.8,-10.2,2.0,97,0.0,408.0,2,0
2025-02-05 17:00:00,1045876.4,-6.4,67,-11.5,-10.1,2.3,100,0.0,266.0,2,0
2025-02-05 18:00:00,1094870.1,-7.1,70,-11.6,-11.0,3.9,100,0.0,115.0,2,0
2025-02-05 19:00:00,1093226.1,-7.6,73,-11.5,-11.9,7.1,100,0.0,11.0,2,0
2025-02-05 20:00:00,1069724.7,-7.8,74,-11.5,-12.3,8.1,100,0.0,0.0,2,0
2025-02-05 21:00:00,1022742.7,-7.8,74,-11.7,-12.2,7.3,100,0.0,0.0,2,0
2025-02-05 22:00:00,943580.5,-6.9,78,-10.1,-11.7,10.7,100,0.0,0.0,2,0
2025-02-05 23:00:00,858586.1,-6.2,81,-8.8,-11.2,12.8,100,0.0,0.0,2,0
2025-02-06 00:00:00,788502.5,-5.2,79,-8.2,-10.3,13.7,83,0.0,0.0,3,0
2025-02-06 01:00:00,736656.8,-5.3,78,-8.6,-10.9,16.7,100,0.0,0.0,3,0
2025-02-06 02:00:00,704795.6,-4.8,79,-7.9,-10.7,19.2,100,0.0,0.0,3,0
2025-02-06 03:00:00,688062.6,-4.1,80,-7.1,-10.1,21.0,100,0.0,0.0,3,0
2025-02-06 04:00:00,691820.9,-3.8,81,-6.6,-9.9,22.3,100,0.0,0.0,3,0
2025-02-06 05:00:00,719781.1,-3.5,82,-6.1,-9.5,21.9,100,0.0,0.0,3,0
2025-02-06 06:00:00,772293.5,-2.8,81,-5.7,-8.6,19.8,100,0.3,0.0,3,0
2025-02-06 07:00:00,843194.1,-2.7,84,-4.9,-8.2,18.9,100,0.7,0.0,3,0
2025-02-06 08:00:00,867778.3,-2.6,90,-4.0,-8.0,19.0,100,0.6,0.0,3,0
2025-02-06 09:00:00,888854.8,-2.7,90,-4.1,-7.7,16.6,100,0.2,3.0,3,0
2025-02-06 10:00:00,917918.3,-2.0,91,-3.2,-6.3,12.1,100,0.3,19.0,3,0
2025-02-06 11:00:00,941255.7,-1.1,92,-2.2,-4.6,6.7,100,0.4,70.0,3,0
2025-02-06 12:00:00,942489.9,-0.8,92,-1.9,-4.2,7.0,100,0.1,97.0,3,0
2025-02-06 13:00:00,931600.8,-0.8,92,-2.0,-4.8,11.1,100,0.0,134.0,3,0
2025-02-06 14:00:00,926024.7,-0.6,89,-2.2,-5.5,17.1,100,0.0,274.0,3,0
2025-02-06 15:00:00,941206.1,-0.1,84,-2.5,-5.8,22.1,100,0.0,363.0,3,0
2025-02-06 16:00:00,976117.5,0.3,84,-2.2,-5.1,20.0,100,0.0,233.0,3,0
2025-02-06 17:00:00,1036768.0,0.2,84,-2.2,-5.3,21.2,100,0.0,132.0,3,0
2025-02-06 18:00:00,1064478.2,0.1,82,-2.7,-5.6,21.6,100,0.0,51.0,3,0
2025-02-06 19:00:00,1054381.7,0.3,81,-2.5,-6.0,26.0,6,0.0,7.0,3,0
2025-02-06 20:00:00,1030707.5,0.2,81,-2.8,-6.5,28.1,33,0.0,0.0,3,0
2025-02-06 21:00:00,987989.4,0.5,81,-2.4,-6.1,28.4,3,0.0,0.0,3,0
2025-02-06 22:00:00,915628.2,0.2,78,-3.3,-6.6,28.9,0,0.0,0.0,3,0
2025-02-06 23:00:00,834333.8,-0.3,75,-4.2,-6.9,27.0,94,0.0,0.0,3,0
2025-02-07 00:00:00,769585.3,-0.3,74,-4.4,-7.3,28.9,81,0.0,0.0,4,0
2025-02-07 01:00:00,721167.8,-0.9,82,-3.7,-7.8,29.5,100,0.5,0.0,4,0
2025-02-07 02:00:00,693039.8,-3.2,66,-8.6,-10.6,29.6,9,0.0,0.0,4,0
2025-02-07 03:00:00,681376.8,-4.7,68,-9.6,-11.9,27.9,99,0.0,0.0,4,0
2025-02-07 04:00:00,689716.7,-5.3,75,-9.0,-11.9,23.1,90,0.1,0.0,4,0
2025-02-07 05:00:00,717671.9,-6.6,72,-10.9,-13.6,25.3,25,0.0,0.0,4,0
2025-02-07 06:00:00,769220.1,-7.3,69,-11.9,-14.2,23.8,13,0.0,0.0,4,0
2025-02-07 07:00:00,847173.9,-7.7,71,-11.9,-14.3,22.5,9,0.0,0.0,4,0
2025-02-07 08:00:00,873099.0,-7.8,71,-12.2,-14.7,23.5,100,0.0,0.0,4,0
2025-02-07 09:00:00,885626.7,-8.1,71,-12.3,-14.9,23.7,10,0.0,11.0,4,0
2025-02-07 10:00:00,907292.3,-7.7,72,-11.9,-14.4,23.0,38,0.0,132.0,4,0
2025-02-07 11:00:00,933104.4,-7.2,73,-11.3,-13.9,22.5,6,0.0,300.0,4,0
2025-02-07 12:00:00,940319.1,-6.7,74,-10.5,-13.3,23.1,40,0.0,440.0,4,0
2025-02-07 13:00:00,923771.5,-6.0,75,-9.7,-12.9,25.0,100,0.0,489.0,4,0
2025-02-07 14:00:00,919470.0,-5.6,77,-8.9,-12.4,25.1,100,0.0,438.0,4,0
2025-02-07 15:00:00,923096.9,-5.2,77,-8.6,-12.1,25.2,100,0.0,338.0,4,0
2025-02-07 16:00:00,956456.6,-5.2,79,-8.2,-11.6,22.3,100,0.0,259.0,4,0
2025-02-07 17:00:00,1018956.0,-5.2,77,-8.6,-11.3,20.2,100,0.0,151.0,4,0
2025-02-07 18:00:00,1068433.5,-5.3,78,-8.6,-11.0,17.4,100,0.0,72.0,4,0
2025-02-07 19:00:00,1064614.7,-5.8,77,-9.2,-11.5,16.5,85,0.0,10.0,4,0
2025-02-07 20:00:00,1047367.2,-6.3,77,-9.8,-11.9,15.7,100,0.0,0.0,4,0
2025-02-07 21:00:00,1007864.9,-6.6,75,-10.3,-12.2,16.2,70,0.0,0.0,4,0
2025-02-07 22:00:00,947918.8,-7.0,74,-10.9,-12.4,14.6,69,0.0,0.0,4,0
2025-02-07 23:00:00,876800.1,-7.4,74,-11.2,-12.3,10.2,12,0.0,0.0,4,0
2025-02-08 00:00:00,808727.1,-8.6,78,-11.7,-13.4,9.9,61,0.0,0.0,5,0
2025-02-08 01:00:00,754507.2,-9.6,79,-12.4,-14.6,11.0,59,0.0,0.0,5,0
2025-02-08 02:00:00,716491.7,-9.6,78,-12.7,-14.4,9.6,100,0.0,0.0,5,0
2025-02-08 03:00:00,694605.2,-9.1,79,-12.1,-13.8,8.7,99,0.0,0.0,5,0
2025-02-08 04:00:00,685511.5,-8.8,80,-11.6,-13.7,10.2,99,0.0,0.0,5,0
2025-02-08 05:00:00,695871.2,-7.8,81,-10.5,-12.4,9.0,100,0.0,0.0,5,0
2025-02-08 06:00:00,722237.9,-7.6,82,-10.1,-11.8,7.1,100,0.0,0.0,5,0
2025-02-08 07:00:00,772406.6,-8.6,83,-11.0,-12.8,5.8,100,0.0,0.0,5,0
2025-02-08 08:00:00,839945.2,-10.6,86,-12.5,-14.8,5.2,100,0.0,0.0,5,0
2025-02-08 09:00:00,896339.6,-9.5,83,-11.9,-13.9,6.7,99,0.0,10.0,5,0
2025-02-08 10:00:00,945063.5,-8.9,83,-11.1,-13.0,5.8,100,0.0,95.0,5,0
2025-02-08 11:00:00,991539.9,-6.7,80,-9.6,-10.7,5.5,100,0.0,233.0,5,0
2025-02-08 12:00:00,1009645.5,-4.7,78,-7.9,-8.4,4.5,100,0.0,317.0,5,0
2025-02-08 13:00:00,1008174.6,-3.5,79,-6.6,-7.1,4.9,100,0.0,286.0,5,0
2025-02-08 14:00:00,998024.9,-2.7,73,-6.9,-6.7,6.9,100,0.0,332.0,5,0
2025-02-08 15:00:00,994787.3,-2.9,70,-7.6,-6.8,6.0,100,0.0,162.0,5,0
2025-02-08 16:00:00,1021191.5,-3.0,72,-7.3,-7.4,10.1,100,0.1,166.0,5,0
2025-02-08 17:00:00,1073067.6,-3.0,78,-6.2,-7.7,12.8,100,0.1,138.0,5,0
2025-02-08 18:00:00,1100559.5,-3.1,82,-5.7,-8.3,15.8,100,0.3,39.0,5,0
2025-02-08 19:00:00,1078014.9,-3.0,84,-5.4,-8.4,17.1,100,0.3,5.0,5,0
2025-02-08 20:00:00,1039543.1,-2.8,84,-5.1,-8.1,17.5,100,0.3,0.0,5,0
2025-02-08 21:00:00,992843.2,-2.7,89,-4.2,-8.0,17.9,100,1.1,0.0,5,0
2025-02-08 22:00:00,933434.9,-2.5,91,-3.8,-7.5,16.4,100,1.5,0.0,5,0
2025-02-08 23:00:00,868200.8,-2.3,92,-3.4,-7.2,15.7,100,1.4,0.0,5,0
2025-02-09 00:00:00,797579.4,-2.5,94,-3.5,-7.3,14.6,100,1.1,0.0,6,0
2025-02-09 01:00:00,757644.9,-2.9,92,-4.0,-7.8,15.3,100,0.8,0.0,6,0
2025-02-09 02:00:00,717377.3,-3.8,90,-5.2,-9.0,16.2,100,0.6,0.0,6,0
2025-02-09 03:00:00,687778.3,-3.8,88,-5.6,-8.7,13.7,100,0.4,0.0,6,0
2025-02-09 04:00:00,672615.3,-4.3,88,-5.9,-9.5,16.0,100,0.4,0.0,6,0
2025-02-09 05:00:00,680347.7,-4.6,88,-6.3,-9.5,14.2,100,0.4,0.0,6,0
2025-02-09 06:00:00,703116.5,-4.8,87,-6.7,-9.5,12.0,100,0.1,0.0,6,0
2025-02-09 07:00:00,742453.5,-4.8,88,-6.6,-9.5,11.9,100,0.1,0.0,6,0
2025-02-09 08:00:00,805532.7,-4.9,88,-6.7,-9.3,9.8,94,0.2,0.0,6,0
2025-02-09 09:00:00,871517.8,-4.9,89,-6.5,-8.8,6.5,99,0.1,9.0,6,0
2025-02-09 10:00:00,925358.0,-4.4,88,-6.1,-8.3,7.1,100,0.1,85.0,6,0
2025-02-09 11:00:00,970286.7,-3.8,87,-5.7,-7.9,8.2,79,0.1,133.0,6,0
2025-02-09 12:00:00,990969.6,-2.0,81,-4.8,-6.8,13.9,69,0.0,348.0,6,0
2025-02-09 13:00:00,1002816.1,-0.9,80,-3.9,-5.8,15.0,97,0.1,511.0,6,0
2025-02-09 14:00:00,997896.6,-0.8,80,-3.8,-5.6,14.8,94,0.1,371.0,6,0
2025-02-09 15:00:00,999601.3,-1.2,80,-4.2,-6.2,15.9,90,0.3,344.0,6,0
2025-02-09 16:00:00,1028255.2,-1.4,77,-4.9,-6.3,14.8,100,0.1,320.0,6,0
2025-02-09 17:00:00,1099807.9,-1.9,73,-6.1,-7.2,16.9,100,0.0,202.0,6,0
2025-02-09 18:00:00,1141245.9,-2.8,73,-6.9,-8.5,18.5,100,0.0,76.0,6,0
2025-02-09 19:00:00,1103853.5,-3.7,72,-8.0,-9.6,19.4,97,0.0,12.0,6,0
2025-02-09 20:00:00,1062819.7,-4.3,69,-9.1,-9.4,12.9,100,0.0,0.0,6,0
2025-02-09 21:00:00,1013323.4,-4.4,81,-7.2,-9.0,11.2,100,0.1,0.0,6,0
2025-02-09 22:00:00,938365.0,-4.7,85,-6.8,-9.5,12.8,100,0.1,0.0,6,0
2025-02-09 23:00:00,855573.4,-5.2,81,-8.0,-10.3,13.7,100,0.0,0.0,6,0
2025-02-10 00:00:00,777196.9,-5.7,76,-9.2,-10.9,13.8,100,0.0,0.0,0,0
2025-02-10 01:00:00,722778.6,-6.1,74,-10.1,-11.3,13.5,100,0.0,0.0,0,0
2025-02-10 02:00:00,690641.0,-6.1,70,-10.6,-11.8,16.2,87,0.0,0.0,0,0
2025-02-10 03:00:00,676431.6,-6.2,69,-11.1,-11.9,15.7,88,0.0,0.0,0,0
2025-02-10 04:00:00,677531.4,-6.4,71,-10.8,-11.7,13.0,71,0.0,0.0,0,0
2025-02-10 05:00:00,704183.0,-7.1,79,-10.0,-12.1,12.3,46,0.0,0.0,0,0
2025-02-10 06:00:00,754651.3,-7.4,78,-10.6,-12.7,13.6,11,0.0,0.0,0,0
2025-02-10 07:00:00,830578.2,-7.7,73,-11.7,-13.3,15.5,0,0.0,0.0,0,0
2025-02-10 08:00:00,854358.1,-8.1,73,-12.1,-13.6,14.6,3,0.0,0.0,0,0
2025-02-10 09:00:00,877198.2,-7.2,73,-11.2,-12.4,12.4,41,0.0,15.0,0,0
2025-02-10 10:00:00,897435.8,-6.8,80,-9.6,-11.8,11.8,60,0.0,121.0,0,0
2025-02-10 11:00:00,913226.7,-6.2,82,-8.6,-11.0,11.6,25,0.0,279.0,0,0
2025-02-10 12:00:00,916984.6,-5.5,80,-8.4,-10.4,11.9,88,0.0,400.0,0,0
2025-02-10 13:00:00,913501.0,-5.2,76,-8.8,-10.5,14.1,100,0.0,438.0,0,0
2025-02-10 14:00:00,900359.5,-5.1,71,-9.4,-10.6,15.8,89,0.0,402.0,0,0
2025-02-10 15:00:00,920285.4,-5.2,70,-9.8,-10.8,15.9,20,0.0,404.0,0,0
2025-02-10 16:00:00,978362.5,-5.5,68,-10.4,-10.9,14.6,1,0.0,451.0,0,0
2025-02-10 17:00:00,1053814.7,-5.9,70,-10.5,-11.2,13.7,68,0.0,330.0,0,0
2025-02-10 18:00:00,1100447.3,-6.3,75,-10.0,-11.8,15.7,100,0.0,149.0,0,0
2025-02-10 19:00:00,1094068.7,-6.2,76,-9.8,-11.9,16.4,100,0.0,16.0,0,0
2025-02-10 20:00:00,1062235.7,-6.1,75,-9.8,-11.6,15.8,100,0.0,0.0,0,0
2025-02-10 21:00:00,1014510.4,-6.2,74,-10.1,-11.7,14.8,81,0.0,0.0,0,0
2025-02-10 22:00:00,933685.7,-6.6,76,-10.2,-11.9,13.7,16,0.0,0.0,0,0
2025-02-10 23:00:00,848237.2,-7.3,76,-10.9,-12.6,13.1,0,0.0,0.0,0,0
2025-02-11 00:00:00,779235.5,-7.9,76,-11.4,-13.2,12.7,34,0.0,0.0,1,0
2025-02-11 01:00:00,733293.4,-8.6,78,-11.7,-13.9,13.3,54,0.0,0.0,1,0
2025-02-11 02:00:00,706700.5,-9.1,77,-12.4,-14.3,11.9,72,0.0,0.0,1,0
2025-02-11 03:00:00,695783.4,-9.6,77,-12.9,-14.5,10.3,89,0.0,0.0,1,0
2025-02-11 04:00:00,700376.1,-9.9,77,-13.2,-14.8,9.9,92,0.0,0.0,1,0
2025-02-11 05:00:00,726776.9,-10.1,78,-13.2,-15.0,9.9,74,0.0,0.0,1,0
2025-02-11 06:00:00,780277.8,-10.0,78,-13.1,-14.9,10.0,32,0.0,0.0,1,0
2025-02-11 07:00:00,856476.7,-9.9,77,-13.2,-14.8,9.2,28,0.0,0.0,1,0
2025-02-11 08:00:00,869539.9,-10.1,77,-13.2,-14.6,7.2,43,0.0,0.0,1,0
2025-02-11 09:00:00,882571.3,-9.8,72,-13.9,-14.2,6.7,65,0.0,15.0,1,0
2025-02-11 10:00:00,901551.4,-9.1,74,-12.9,-13.5,6.4,95,0.0,127.0,1,0
2025-02-11 11:00:00,905972.7,-7.8,80,-10.7,-12.4,8.4,98,0.0,221.0,1,0
2025-02-11 12:00:00,895380.6,-6.8,82,-9.4,-11.5,10.1,100,0.0,273.0,1,0
2025-02-11 13:00:00,882766.5,-5.8,81,-8.6,-10.1,7.6,100,0.0,335.0,1,0
2025-02-11 14:00:00,881049.0,-4.9,79,-8.0,-8.9,6.6,100,0.0,463.0,1,0
2025-02-11 15:00:00,903377.2,-4.2,79,-7.3,-8.1,5.7,100,0.1,391.0,1,0
2025-02-11 16:00:00,948485.9,-4.0,80,-7.0,-7.7,5.0,100,0.0,341.0,1,0
2025-02-11 17:00:00,1015022.8,-4.9,82,-7.6,-9.4,10.0,100,0.1,203.0,1,0
2025-02-11 18:00:00,1078766.8,-5.9,78,-9.1,-10.7,11.1,100,0.0,99.0,1,0
2025-02-11 19:00:00,1082575.8,-6.6,76,-10.0,-11.3,10.3,100,0.0,14.0,1,0
2025-02-11 20:00:00,1063997.8,-7.4,79,-10.5,-12.5,11.7,100,0.0,0.0,1,0
2025-02-11 21:00:00,1018079.5,-7.4,78,-10.6,-12.5,12.7,30,0.0,0.0,1,0
2025-02-11 22:00:00,942403.2,-8.2,77,-11.5,-13.5,12.6,29,0.0,0.0,1,0
2025-02-11 23:00:00,860741.1,-8.9,78,-12.1,-14.1,12.1,88,0.0,0.0,1,0
2025-02-12 00:00:00,786423.1,-9.2,75,-12.8,-14.4,12.1,99,0.0,0.0,2,0
2025-02-12 01:00:00,738079.6,-9.9,71,-14.1,-15.3,12.9,100,0.0,0.0,2,0
2025-02-12 02:00:00,709387.8,-10.3,68,-15.0,-15.7,12.2,100,0.0,0.0,2,0
2025-02-12 03:00:00,695730.7,-10.2,68,-15.1,-15.7,12.6,100,0.0,0.0,2,0
2025-02-12 04:00:00,698259.4,-10.2,68,-15.1,-15.8,13.5,100,0.0,0.0,2,0
2025-02-12 05:00:00,729475.9,-10.0,68,-14.7,-15.4,12.6,100,0.0,0.0,2,0
2025-02-12 06:00:00,785305.1,-10.1,69,-14.8,-15.7,14.2,100,0.0,0.0,2,0
2025-02-12 07:00:00,863980.7,-10.6,68,-15.3,-16.5,16.1,100,0.0,0.0,2,0
2025-02-12 08:00:00,884248.6,-10.6,68,-15.4,-16.5,16.3,99,0.0,0.0,2,0
2025-02-12 09:00:00,892984.0,-10.1,68,-14.9,-15.8,14.4,100,0.0,14.0,2,0
2025-02-12 10:00:00,911484.6,-9.9,69,-14.5,-15.8,16.0,100,0.0,99.0,2,0
2025-02-12 11:00:00,933370.8,-9.5,70,-14.0,-15.5,17.3,93,0.0,227.0,2,0
2025-02-12 12:00:00,953350.6,-8.9,73,-12.9,-15.3,19.6,75,0.0,389.0,2,0
2025-02-12 13:00:00,951514.1,-8.4,76,-11.8,-14.5,19.1,100,0.0,461.0,2,0
2025-02-12 14:00:00,955121.3,-7.7,79,-10.7,-13.7,19.1,100,0.0,465.0,2,0
2025-02-12 15:00:00,970955.8,-7.2,79,-10.3,-13.3,19.5,100,0.0,334.0,2,0
2025-02-12 16:00:00,1018896.0,-6.9,78,-10.1,-13.6,23.0,100,0.0,198.0,2,0
2025-02-12 17:00:00,1097324.5,-6.6,79,-9.6,-13.3,24.3,100,0.1,121.0,2,0
2025-02-12 18:00:00,1145900.2,-6.2,82,-8.6,-13.0,25.5,100,0.2,49.0,2,0
2025-02-12 19:00:00,1139309.0,-5.3,85,-7.3,-12.5,28.5,100,0.6,4.0,2,0
2025-02-12 20:00:00,1109366.7,-4.6,88,-6.2,-11.7,28.5,100,1.0,0.0,2,0
2025-02-12 21:00:00,1052121.6,-3.8,91,-5.1,-11.0,30.3,100,1.7,0.0,2,0
2025-02-12 22:00:00,962941.9,-3.2,91,-4.5,-10.6,31.7,100,1.7,0.0,2,0
2025-02-12 23:00:00,872838.8,-2.5,92,-3.5,-9.1,27.7,100,1.7,0.0,2,0
2025-02-13 00:00:00,802105.1,-1.8,94,-2.7,-7.8,24.1,100,2.0,0.0,3,0
2025-02-13 01:00:00,751873.4,-1.1,96,-1.6,-6.5,20.7,100,1.5,0.0,3,0
2025-02-13 02:00:00,718115.2,-0.5,98,-0.8,-5.0,15.6,100,1.0,0.0,3,0
2025-02-13 03:00:00,702557.4,-0.2,99,-0.2,-4.3,13.6,100,2.3,0.0,3,0
2025-02-13 04:00:00,699618.0,0.2,99,0.1,-3.5,11.5,100,1.4,0.0,3,0
2025-02-13 05:00:00,721502.8,0.9,96,0.3,-3.1,13.1,100,1.2,0.0,3,0
2025-02-13 06:00:00,754947.2,1.4,95,0.6,-2.7,13.8,100,1.5,0.0,3,0
2025-02-13 07:00:00,809836.0,1.5,95,0.8,-2.3,11.7,100,0.7,0.0,3,0
2025-02-13 08:00:00,867544.7,1.7,95,1.0,-2.1,12.7,100,0.3,0.0,3,0
2025-02-13 09:00:00,916367.6,-4.8,90,-6.2,-10.0,15.8,100,0.1,7.0,3,0
2025-02-13 10:00:00,954457.3,-6.1,84,-8.4,-11.7,17.0,100,0.0,57.0,3,0
2025-02-13 11:00:00,980947.1,-5.8,81,-8.6,-11.4,16.8,100,0.0,168.0,3,0
2025-02-13 12:00:00,987487.6,-4.8,78,-8.0,-10.7,19.5,99,0.0,313.0,3,0
2025-02-13 13:00:00,956882.8,-4.6,76,-8.2,-10.7,20.6,50,0.0,462.0,3,0
2025-02-13 14:00:00,941557.8,-4.9,74,-8.9,-11.5,24.5,58,0.0,576.0,3,0
2025-02-13 15:00:00,958231.6,-4.8,77,-8.2,-11.5,24.5,100,0.0,539.0,3,0
2025-02-13 16:00:00,989765.2,-4.4,77,-7.8,-11.2,25.3,100,0.0,363.0,3,0
2025-02-13 17:00:00,1039964.6,-4.2,78,-7.4,-10.4,22.2,100,0.0,209.0,3,0
2025-02-13 18:00:00,1092944.6,-4.2,77,-7.6,-10.6,23.3,100,0.0,100.0,3,0
2025-02-13 19:00:00,1085108.0,-4.6,77,-8.0,-11.0,22.8,100,0.0,15.0,3,0
2025-02-13 20:00:00,1061038.6,-4.8,74,-8.6,-11.2,22.0,87,0.0,0.0,3,0
2025-02-13 21:00:00,1012922.5,-4.2,73,-8.4,-10.2,20.0,16,0.0,0.0,3,0
2025-02-13 22:00:00,937878.7,-5.2,75,-8.9,-10.8,16.8,75,0.0,0.0,3,0
2025-02-13 23:00:00,856319.7,-5.8,77,-9.2,-11.2,15.0,73,0.0,0.0,3,0
2025-02-14 00:00:00,791472.6,-5.8,76,-9.4,-12.0,20.3,5,0.0,0.0,4,0
2025-02-14 01:00:00,742699.5,-6.1,76,-9.6,-12.3,20.9,3,0.0,0.0,4,0
2025-02-14 02:00:00,710327.1,-5.9,74,-9.9,-12.3,21.5,13,0.0,0.0,4,0
2025-02-14 03:00:00,696310.1,-6.2,74,-10.1,-12.5,20.9,78,0.0,0.0,4,0
2025-02-14 04:00:00,698313.7,-6.2,74,-10.1,-12.4,20.4,100,0.0,0.0,4,0
2025-02-14 05:00:00,722442.8,-6.2,73,-10.3,-12.1,17.7,99,0.0,0.0,4,0
2025-02-14 06:00:00,764188.7,-6.0,78,-9.2,-12.0,19.1,100,0.0,0.0,4,0
2025-02-14 07:00:00,819413.2,-6.5,73,-10.6,-13.1,22.4,100,0.0,0.0,4,0
2025-02-14 08:00:00,867581.1,-7.2,74,-11.1,-13.4,20.3,100,0.0,0.0,4,0
2025-02-14 09:00:00,900783.7,-8.0,72,-12.1,-14.6,21.7,84,0.0,18.0,4,0
2025-02-14 10:00:00,917932.2,-8.0,74,-11.9,-14.4,20.5,100,0.0,126.0,4,0
2025-02-14 11:00:00,933627.0,-7.6,73,-11.6,-13.8,19.9,100,0.0,269.0,4,0
2025-02-14 12:00:00,947400.4,-6.9,73,-11.1,-12.9,17.8,98,0.0,422.0,4,0
2025-02-14 13:00:00,939876.8,-6.7,72,-10.8,-12.4,16.7,100,0.0,547.0,4,0
2025-02-14 14:00:00,939203.0,-6.3,72,-10.6,-12.0,16.5,100,0.0,487.0,4,0
2025-02-14 15:00:00,946158.8,-6.1,71,-10.5,-12.0,17.7,100,0.0,445.0,4,0
2025-02-14 16:00:00,966277.4,-6.3,72,-10.4,-12.0,16.9,100,0.0,319.0,4,0
2025-02-14 17:00:00,1008808.3,-6.4,69,-11.2,-11.8,14.0,100,0.0,249.0,4,0
2025-02-14 18:00:00,1052823.9,-6.8,69,-11.5,-11.4,9.1,100,0.0,134.0,4,0
2025-02-14 19:00:00,1046204.3,-8.1,72,-12.2,-12.7,8.6,100,0.0,25.0,4,0
2025-02-14 20:00:00,1021143.9,-8.2,73,-12.1,-12.9,9.0,100,0.0,0.0,4,0
2025-02-14 21:00:00,986007.0,-7.4,72,-11.6,-11.9,7.3,100,0.0,0.0,4,0
2025-02-14 22:00:00,927832.9,-7.6,76,-11.0,-12.4,10.2,100,0.0,0.0,4,0
2025-02-14 23:00:00,865137.1,-8.1,78,-11.2,-12.8,9.0,100,0.0,0.0,4,0
2025-02-15 00:00:00,802326.1,-8.9,76,-12.2,-13.1,5.5,100,0.0,0.0,5,0
2025-02-15 01:00:00,751492.1,-8.9,74,-12.7,-13.1,4.8,100,0.0,0.0,5,0
2025-02-15 02:00:00,715768.1,-8.9,74,-12.8,-12.9,3.3,100,0.0,0.0,5,0
2025-02-15 03:00:00,693408.1,-9.2,77,-12.5,-13.1,3.1,100,0.1,0.0,5,0
2025-02-15 04:00:00,685393.7,-9.1,79,-12.2,-13.2,4.7,100,0.1,0.0,5,0
2025-02-15 05:00:00,694609.5,-7.8,78,-11.1,-12.4,8.1,100,0.0,0.0,5,0
2025-02-15 06:00:00,717429.7,-6.4,81,-9.1,-11.0,9.8,100,0.1,0.0,5,0
2025-02-15 07:00:00,763135.8,-5.3,85,-7.5,-10.1,12.3,100,0.1,0.0,5,0
2025-02-15 08:00:00,827022.2,-4.6,82,-7.2,-9.7,14.1,100,0.1,0.0,5,0
2025-02-15 09:00:00,892272.9,-3.5,78,-6.7,-9.0,17.6,100,0.0,12.0,5,0
2025-02-15 10:00:00,946493.3,-3.2,79,-6.3,-8.7,18.0,100,0.0,60.0,5,0
2025-02-15 11:00:00,990325.7,-3.0,81,-5.8,-8.3,16.8,100,0.1,149.0,5,0
2025-02-15 12:00:00,1021589.1,-2.7,83,-5.2,-7.6,14.2,100,0.1,175.0,5,0
2025-02-15 13:00:00,1023282.5,-2.5,86,-4.5,-7.2,13.2,100,0.6,181.0,5,0
2025-02-15 14:00:00,1019992.5,-2.3,88,-4.0,-7.0,13.7,100,1.5,213.0,5,0
2025-02-15 15:00:00,1019216.0,-2.2,93,-3.2,-7.0,15.2,100,0.7,139.0,5,0
2025-02-15 16:00:00,1030957.5,-1.8,93,-2.8,-6.6,16.1,100,0.6,155.0,5,0
2025-02-15 17:00:00,1074461.9,-1.5,93,-2.5,-6.8,19.2,100,0.9,90.0,5,0
2025-02-15 18:00:00,1101203.3,-1.4,94,-2.2,-6.6,19.6,100,0.8,35.0,5,0
2025-02-15 19:00:00,1072555.3,-1.0,94,-1.9,-6.6,22.0,100,0.8,8.0,5,0
2025-02-15 20:00:00,1030029.5,-0.4,94,-1.2,-5.6,19.8,100,0.5,0.0,5,0
2025-02-15 21:00:00,986680.8,-0.9,94,-1.7,-6.3,20.8,100,0.3,0.0,5,0
2025-02-15 22:00:00,924927.3,-0.9,95,-1.6,-6.2,20.7,100,0.6,0.0,5,0
2025-02-15 23:00:00,860449.7,-1.4,94,-2.2,-7.0,21.7,100,0.4,0.0,5,0
2025-02-16 00:00:00,797588.7,-3.3,90,-4.7,-9.7,24.6,100,0.3,0.0,6,0
2025-02-16 01:00:00,746810.3,-3.7,91,-4.9,-9.9,23.2,100,0.9,0.0,6,0
2025-02-16 02:00:00,711612.2,-3.7,91,-4.9,-9.9,23.2,100,1.2,0.0,6,0
2025-02-16 03:00:00,692395.3,-3.8,91,-4.9,-9.6,21.3,100,0.4,0.0,6,0
2025-02-16 04:00:00,686833.8,-4.0,91,-5.2,-9.9,21.9,100,0.6,0.0,6,0
2025-02-16 05:00:00,692521.1,-4.1,90,-5.4,-10.1,21.8,100,0.5,0.0,6,0
2025-02-16 06:00:00,711289.4,-4.3,89,-5.8,-10.7,24.0,100,0.6,0.0,6,0
2025-02-16 07:00:00,748756.8,-4.4,89,-5.9,-10.8,23.6,100,0.9,0.0,6,0
2025-02-16 08:00:00,808705.0,-4.4,90,-5.8,-10.8,24.4,100,1.2,0.0,6,0
2025-02-16 09:00:00,880216.4,-6.0,87,-7.8,-12.2,21.6,100,1.1,8.0,6,0
2025-02-16 10:00:00,951140.2,-6.3,87,-8.1,-12.6,21.8,100,1.4,31.0,6,0
2025-02-16 11:00:00,1010603.2,-6.4,86,-8.4,-12.3,18.9,100,2.3,70.0,6,0
2025-02-16 12:00:00,1047828.9,-6.8,85,-8.8,-12.8,20.1,100,2.6,81.0,6,0
2025-02-16 13:00:00,1048485.9,-6.7,84,-9.0,-12.5,18.2,100,1.9,189.0,6,0
2025-02-16 14:00:00,1036270.7,-6.7,84,-8.9,-12.5,18.3,100,1.6,220.0,6,0
2025-02-16 15:00:00,1033248.6,-6.5,82,-9.0,-12.1,16.9,100,0.7,336.0,6,0
2025-02-16 16:00:00,1050347.7,-6.9,83,-9.4,-12.8,17.9,100,0.5,193.0,6,0
2025-02-16 17:00:00,1094817.8,-7.0,82,-9.5,-13.0,19.3,100,0.7,113.0,6,0
2025-02-16 18:00:00,1132690.8,-7.0,81,-9.8,-13.3,20.8,100,0.2,88.0,6,0
2025-02-16 19:00:00,1103764.7,-7.3,78,-10.4,-13.8,21.9,100,0.1,15.0,6,0
2025-02-16 20:00:00,1061031.9,-7.7,78,-10.9,-14.1,21.4,99,0.0,0.0,6,0
2025-02-16 21:00:00,1011176.3,-6.9,78,-10.1,-13.0,18.9,100,0.0,0.0,6,0
2025-02-16 22:00:00,943743.2,-7.1,77,-10.4,-13.3,20.3,100,0.0,0.0,6,0
2025-02-16 23:00:00,873786.3,-7.2,78,-10.5,-13.7,21.4,100,0.1,0.0,6,0
2025-02-17 00:00:00,810480.6,-7.8,76,-11.2,-14.4,22.5,99,0.0,0.0,0,1
2025-02-17 01:00:00,760064.0,-8.9,75,-12.6,-15.7,22.9,100,0.0,0.0,0,1
2025-02-17 02:00:00,730682.1,-9.6,76,-13.1,-16.4,22.6,100,0.0,0.0,0,1
2025-02-17 03:00:00,716117.9,-10.2,74,-13.9,-17.0,22.0,100,0.0,0.0,0,1
2025-02-17 04:00:00,711850.6,-10.4,73,-14.2,-16.8,19.7,85,0.0,0.0,0,1
2025-02-17 05:00:00,721532.3,-10.6,71,-14.8,-17.1,20.3,33,0.0,0.0,0,1
2025-02-17 06:00:00,741406.2,-10.7,69,-15.3,-17.7,23.1,90,0.0,0.0,0,1
2025-02-17 07:00:00,775390.9,-10.6,69,-15.2,-17.3,21.3,29,0.0,0.0,0,1
2025-02-17 08:00:00,823152.3,-10.4,69,-15.1,-16.9,19.7,94,0.0,0.0,0,1
2025-02-17 09:00:00,866690.9,-9.9,74,-13.7,-15.9,17.4,97,0.0,25.0,0,1
2025-02-17 10:00:00,923544.0,-9.4,73,-13.4,-15.3,16.3,100,0.0,158.0,0,1
2025-02-17 11:00:00,975356.6,-8.2,76,-11.6,-14.5,19.8,96,0.1,259.0,0,1
2025-02-17 12:00:00,997264.5,-7.8,72,-12.0,-15.4,29.0,98,0.1,418.0,0,1
2025-02-17 13:00:00,994121.3,-8.1,70,-12.6,-15.6,27.9,100,0.1,445.0,0,1
2025-02-17 14:00:00,991212.5,-8.4,67,-13.4,-16.3,30.2,100,0.0,522.0,0,1
2025-02-17 15:00:00,996022.4,-8.6,65,-14.0,-16.4,29.0,100,0.0,486.0,0,1
2025-02-17 16:00:00,1026227.8,-8.8,65,-14.2,-16.4,27.9,95,0.0,407.0,0,1
2025-02-17 17:00:00,1095233.2,-9.1,65,-14.4,-16.7,27.7,89,0.0,336.0,0,1
2025-02-17 18:00:00,1158536.4,-9.4,66,-14.6,-17.0,27.2,52,0.0,170.0,0,1
2025-02-17 19:00:00,1149284.4,-10.1,67,-15.0,-17.5,26.7,82,0.0,34.0,0,1
2025-02-17 20:00:00,1121006.7,-10.6,68,-15.4,-17.9,25.7,43,0.0,0.0,0,1
2025-02-17 21:00:00,1072739.5,-11.2,65,-16.4,-18.6,25.7,5,0.0,0.0,0,1
2025-02-17 22:00:00,991703.7,-11.4,65,-16.6,-18.8,25.4,57,0.0,0.0,0,1
2025-02-17 23:00:00,905930.1,-11.6,66,-16.8,-18.9,24.7,10,0.0,0.0,0,1
2025-02-18 00:00:00,834819.9,-11.7,66,-16.8,-18.9,24.4,4,0.0,0.0,1,0
2025-02-18 01:00:00,785157.6,-11.8,66,-16.9,-19.1,24.8,81,0.0,0.0,1,0
2025-02-18 02:00:00,756989.6,-11.8,67,-16.8,-19.0,24.0,84,0.0,0.0,1,0
2025-02-18 03:00:00,744733.1,-11.9,69,-16.5,-19.0,23.6,90,0.0,0.0,1,0
2025-02-18 04:00:00,750204.9,-11.7,71,-15.9,-18.6,22.1,100,0.0,0.0,1,0
2025-02-18 05:00:00,776892.7,-11.4,73,-15.2,-17.9,19.6,77,0.1,0.0,1,0
2025-02-18 06:00:00,828303.0,-11.7,73,-15.6,-17.8,17.0,38,0.0,0.0,1,0
2025-02-18 07:00:00,900642.9,-12.2,72,-16.2,-18.3,16.9,15,0.0,0.0,1,0
2025-02-18 08:00:00,912459.7,-12.6,70,-17.0,-19.0,18.0,12,0.0,0.0,1,0
2025-02-18 09:00:00,921858.5,-11.9,72,-15.9,-18.9,22.6,100,0.0,30.0,1,0
2025-02-18 10:00:00,947230.5,-11.2,73,-15.1,-18.4,24.2,100,0.1,171.0,1,0
2025-02-18 11:00:00,978316.4,-10.4,73,-14.3,-17.3,23.1,100,0.1,292.0,1,0
2025-02-18 12:00:00,993424.3,-9.5,73,-13.5,-16.1,21.2,100,0.1,430.0,1,0
2025-02-18 13:00:00,981627.4,-8.9,75,-12.6,-15.3,20.0,100,0.1,447.0,1,0
2025-02-18 14:00:00,971079.4,-8.9,74,-12.7,-15.2,19.6,100,0.4,412.0,1,0
2025-02-18 15:00:00,980981.4,-9.0,75,-12.6,-15.4,20.4,99,0.3,363.0,1,0
2025-02-18 16:00:00,1032228.7,-8.8,71,-13.1,-15.7,23.3,99,0.2,356.0,1,0
2025-02-18 17:00:00,1094515.9,-8.8,71,-13.1,-15.9,25.5,100,0.1,240.0,1,0
2025-02-18 18:00:00,1152285.7,-8.7,72,-12.9,-16.0,26.6,100,0.1,130.0,1,0
2025-02-18 19:00:00,1155255.6,-9.0,72,-13.1,-16.2,25.8,100,0.1,26.0,1,0
2025-02-18 20:00:00,1130667.5,-9.2,72,-13.2,-16.4,25.3,100,0.1,0.0,1,0
2025-02-18 21:00:00,1081735.2,-9.1,70,-13.5,-16.2,24.4,100,0.1,0.0,1,0
2025-02-18 22:00:00,998077.4,-9.0,69,-13.6,-16.1,24.7,100,0.1,0.0,1,0
2025-02-18 23:00:00,911443.2,-9.1,70,-13.6,-16.1,24.0,100,0.0,0.0,1,0
2025-02-19 00:00:00,837677.6,-9.2,72,-13.3,-16.1,23.7,100,0.1,0.0,2,0
2025-02-19 01:00:00,784729.1,-9.1,74,-12.9,-15.8,22.5,100,0.1,0.0,2,0
2025-02-19 02:00:00,749835.4,-8.8,75,-12.4,-15.0,19.6,100,0.1,0.0,2,0
2025-02-19 03:00:00,738758.9,-8.8,77,-12.1,-14.1,13.1,100,0.2,0.0,2,0
2025-02-19 04:00:00,738666.0,-9.3,82,-11.8,-14.0,9.3,100,0.2,0.0,2,0
2025-02-19 05:00:00,763353.1,-11.1,72,-15.1,-16.0,9.0,99,0.1,0.0,2,0
2025-02-19 06:00:00,814750.7,-12.8,73,-16.5,-17.6,8.1,96,0.0,0.0,2,0
2025-02-19 07:00:00,885567.3,-13.7,73,-17.5,-18.8,9.8,94,0.0,0.0,2,0
2025-02-19 08:00:00,900968.3,-15.4,71,-19.5,-20.7,11.0,65,0.0,0.0,2,0
2025-02-19 09:00:00,907356.2,-14.1,71,-18.1,-19.4,10.9,38,0.0,30.0,2,0
2025-02-19 10:00:00,927705.2,-14.4,71,-18.5,-19.5,9.8,8,0.0,184.0,2,0
2025-02-19 11:00:00,953172.7,-13.9,72,-17.8,-19.0,9.8,3,0.0,373.0,2,0
2025-02-19 12:00:00,961037.2,-12.8,69,-17.2,-17.6,7.7,1,0.0,527.0,2,0
2025-02-19 13:00:00,954701.6,-11.7,68,-16.4,-15.7,5.3,9,0.0,624.0,2,0
2025-02-19 14:00:00,955064.3,-10.9,68,-15.8,-14.5,4.1,6,0.0,656.0,2,0
2025-02-19 15:00:00,968434.2,-10.4,67,-15.4,-13.9,2.5,25,0.0,612.0,2,0
2025-02-19 16:00:00,1006644.5,-9.9,68,-14.8,-13.8,1.9,100,0.0,505.0,2,0
2025-02-19 17:00:00,1064505.4,-9.9,69,-14.6,-13.9,2.9,100,0.0,351.0,2,0
2025-02-19 18:00:00,1123247.7,-10.8,71,-14.9,-15.1,5.0,100,0.0,173.0,2,0
2025-02-19 19:00:00,1126979.1,-11.4,74,-15.1,-16.3,8.5,100,0.0,33.0,2,0
2025-02-19 20:00:00,1108354.0,-12.1,77,-15.3,-17.0,8.6,100,0.0,0.0,2,0
2025-02-19 21:00:00,1062778.3,-11.1,75,-14.6,-15.8,8.3,100,0.0,0.0,2,0
2025-02-19 22:00:00,980610.9,-11.4,78,-14.4,-16.2,8.3,100,0.0,0.0,2,0
2025-02-19 23:00:00,894595.0,-11.8,79,-14.8,-16.4,7.0,100,0.0,0.0,2,0
2025-02-20 00:00:00,826123.3,-12.4,78,-15.5,-16.9,5.9,100,0.0,0.0,3,0
2025-02-20 01:00:00,773078.1,-12.4,79,-15.4,-17.0,6.8,100,0.0,0.0,3,0
2025-02-20 02:00:00,743979.0,-12.4,80,-15.1,-17.1,8.3,100,0.0,0.0,3,0
2025-02-20 03:00:00,730182.0,-12.2,80,-15.0,-17.0,8.3,100,0.0,0.0,3,0
2025-02-20 04:00:00,731346.4,-12.6,79,-15.6,-17.2,6.8,100,0.0,0.0,3,0
2025-02-20 05:00:00,757808.5,-12.6,79,-15.5,-17.4,8.3,100,0.0,0.0,3,0
2025-02-20 06:00:00,811520.9,-12.6,80,-15.4,-17.3,7.6,100,0.0,0.0,3,0
2025-02-20 07:00:00,887511.5,-12.4,80,-15.2,-17.6,10.5,100,0.1,0.0,3,0
2025-02-20 08:00:00,907617.1,-12.6,78,-15.6,-17.8,11.1,100,0.1,0.0,3,0
2025-02-20 09:00:00,925489.5,-12.4,76,-15.6,-17.1,7.9,100,0.0,29.0,3,0
2025-02-20 10:00:00,954229.0,-12.1,76,-15.4,-17.1,9.6,100,0.0,146.0,3,0
2025-02-20 11:00:00,972846.1,-11.9,74,-15.6,-16.9,9.8,100,0.0,297.0,3,0
2025-02-20 12:00:00,974877.5,-11.6,74,-15.2,-17.1,13.1,100,0.0,425.0,3,0
2025-02-20 13:00:00,954978.4,-11.2,72,-15.2,-16.9,14.4,100,0.0,499.0,3,0
2025-02-20 14:00:00,945217.8,-11.1,73,-15.0,-16.9,14.9,100,0.1,487.0,3,0
2025-02-20 15:00:00,964914.4,-10.6,75,-14.2,-16.3,15.1,100,0.1,394.0,3,0
2025-02-20 16:00:00,1005807.5,-10.1,74,-13.9,-15.9,15.4,100,0.1,321.0,3,0
2025-02-20 17:00:00,1069992.1,-10.1,74,-13.8,-15.9,15.3,100,0.1,236.0,3,0
2025-02-20 18:00:00,1130570.1,-10.3,76,-13.8,-16.1,15.4,100,0.0,122.0,3,0
2025-02-20 19:00:00,1139397.2,-10.4,77,-13.8,-16.2,15.4,100,0.0,29.0,3,0
2025-02-20 20:00:00,1113217.2,-10.4,77,-13.6,-16.1,15.1,100,0.0,0.0,3,0
2025-02-20 21:00:00,1068747.6,-9.4,77,-12.6,-15.4,17.2,100,0.0,0.0,3,0
2025-02-20 22:00:00,994056.5,-9.1,78,-12.4,-15.0,16.6,100,0.0,0.0,3,0
2025-02-20 23:00:00,915547.8,-9.1,77,-12.4,-15.0,16.6,100,0.0,0.0,3,0
2025-02-21 00:00:00,830856.1,-9.3,76,-12.8,-15.0,15.3,96,0.0,0.0,4,0
2025-02-21 01:00:00,775923.7,-9.6,75,-13.1,-15.2,14.7,99,0.0,0.0,4,0
2025-02-21 02:00:00,745636.0,-9.6,74,-13.4,-15.1,13.6,96,0.0,0.0,4,0
2025-02-21 03:00:00,732006.5,-10.2,73,-14.1,-15.7,13.1,57,0.0,0.0,4,0
2025-02-21 04:00:00,733582.4,-11.1,73,-15.0,-16.4,11.8,58,0.0,0.0,4,0
2025-02-21 05:00:00,757857.4,-11.6,73,-15.4,-16.9,12.0,50,0.0,0.0,4,0
2025-02-21 06:00:00,804869.4,-12.1,73,-15.9,-17.5,12.5,50,0.0,0.0,4,0
2025-02-21 07:00:00,878091.0,-12.4,74,-16.1,-17.9,13.1,54,0.0,0.0,4,0
2025-02-21 08:00:00,895633.3,-12.6,74,-16.2,-18.0,12.7,74,0.0,0.0,4,0
2025-02-21 09:00:00,908576.6,-11.1,74,-14.8,-16.2,11.1,100,0.0,31.0,4,0
2025-02-21 10:00:00,930708.7,-10.4,75,-14.1,-15.7,11.7,94,0.0,163.0,4,0
2025-02-21 11:00:00,948256.8,-9.8,73,-13.6,-15.2,13.4,100,0.0,329.0,4,0
2025-02-21 12:00:00,952636.8,-9.1,71,-13.4,-14.9,16.0,100,0.0,457.0,4,0
2025-02-21 13:00:00,944345.7,-8.6,69,-13.1,-14.4,16.3,100,0.0,551.0,4,0
2025-02-21 14:00:00,938866.2,-8.1,69,-12.7,-13.6,16.1,100,0.0,598.0,4,0
2025-02-21 15:00:00,934725.3,-7.4,69,-12.1,-13.1,15.7,100,0.0,566.0,4,0
2025-02-21 16:00:00,966030.9,-6.9,71,-11.4,-12.4,14.0,46,0.0,486.0,4,0
2025-02-21 17:00:00,1014848.9,-6.8,71,-11.1,-11.7,10.4,5,0.0,374.0,4,0
2025-02-21 18:00:00,1071836.9,-7.6,72,-11.8,-12.2,8.5,0,0.0,218.0,4,0
2025-02-21 19:00:00,1076520.9,-8.9,72,-12.9,-13.7,9.5,1,0.0,48.0,4,0
2025-02-21 20:00:00,1057604.3,-9.7,74,-13.5,-14.9,11.5,58,0.0,0.0,4,0
2025-02-21 21:00:00,1021320.1,-10.9,72,-15.1,-16.0,10.1,100,0.0,0.0,4,0
2025-02-21 22:00:00,955845.1,-11.1,74,-14.8,-16.2,10.5,100,0.0,0.0,4,0
2025-02-21 23:00:00,886629.0,-11.4,76,-14.8,-16.2,9.0,98,0.0,0.0,4,0
2025-02-22 00:00:00,829892.2,-11.2,76,-14.7,-16.2,9.5,100,0.0,0.0,5,0
2025-02-22 01:00:00,778033.7,-10.1,79,-13.1,-15.1,10.0,99,0.0,0.0,5,0
2025-02-22 02:00:00,737187.4,-9.4,79,-12.3,-14.1,8.8,100,0.0,0.0,5,0
2025-02-22 03:00:00,716404.8,-8.4,80,-11.2,-13.2,10.3,99,0.0,0.0,5,0
2025-02-22 04:00:00,709916.9,-7.6,82,-10.1,-12.8,13.0,77,0.0,0.0,5,0
2025-02-22 05:00:00,718807.6,-7.8,81,-10.5,-12.9,12.5,53,0.0,0.0,5,0
2025-02-22 06:00:00,743147.8,-8.1,81,-10.7,-13.1,12.1,40,0.0,0.0,5,0
2025-02-22 07:00:00,793103.1,-8.0,83,-10.4,-13.2,13.0,13,0.0,0.0,5,0
2025-02-22 08:00:00,854972.5,-8.2,84,-10.4,-13.2,11.5,1,0.0,0.0,5,0
2025-02-22 09:00:00,904872.2,-7.6,81,-10.2,-12.6,12.3,0,0.0,44.0,5,0
2025-02-22 10:00:00,942509.9,-6.9,81,-9.6,-12.1,13.5,0,0.0,212.0,5,0
2025-02-22 11:00:00,974176.3,-6.1,80,-8.9,-11.3,14.3,0,0.0,392.0,5,0
2025-02-22 12:00:00,981616.7,-4.9,78,-8.1,-10.6,17.6,8,0.0,540.0,5,0
2025-02-22 13:00:00,967846.1,-4.2,77,-7.6,-9.5,18.2,31,0.0,636.0,5,0
2025-02-22 14:00:00,966735.2,-3.8,78,-7.2,-9.2,19.6,52,0.0,662.0,5,0
2025-02-22 15:00:00,980157.0,-3.7,78,-7.0,-9.2,20.3,100,0.0,628.0,5,0
2025-02-22 16:00:00,1004345.9,-3.7,78,-6.9,-9.2,17.5,100,0.0,515.0,5,0
2025-02-22 17:00:00,1051510.2,-3.8,78,-7.2,-9.3,16.6,100,0.0,310.0,5,0
2025-02-22 18:00:00,1085860.7,-4.1,76,-7.7,-9.4,15.7,100,0.0,154.0,5,0
2025-02-22 19:00:00,1068574.1,-4.5,75,-8.3,-9.6,14.0,100,0.0,35.0,5,0
2025-02-22 20:00:00,1035579.9,-4.5,74,-8.5,-9.9,15.5,100,0.0,0.0,5,0
2025-02-22 21:00:00,992559.1,-3.4,72,-7.8,-8.7,15.1,100,0.1,0.0,5,0
2025-02-22 22:00:00,929588.0,-3.4,72,-7.7,-8.9,16.6,100,0.0,0.0,5,0
2025-02-22 23:00:00,859754.7,-3.3,73,-7.5,-8.7,16.3,91,0.0,0.0,5,0
2025-02-23 00:00:00,794406.2,-3.4,73,-7.6,-8.9,16.5,99,0.0,0.0,6,0
2025-02-23 01:00:00,746679.6,-3.7,74,-7.7,-9.0,15.5,100,0.0,0.0,6,0
2025-02-23 02:00:00,725729.0,-3.6,75,-7.4,-8.8,14.8,100,0.0,0.0,6,0
2025-02-23 03:00:00,701388.8,-3.2,77,-6.7,-8.2,13.5,100,0.1,0.0,6,0
2025-02-23 04:00:00,671872.0,-3.2,79,-6.3,-7.9,12.0,100,0.1,0.0,6,0
2025-02-23 05:00:00,676863.4,-3.3,79,-6.3,-7.9,11.2,99,0.0,0.0,6,0
2025-02-23 06:00:00,698340.4,-3.5,81,-6.3,-8.0,10.6,100,0.0,0.0,6,0
2025-02-23 07:00:00,737845.2,-3.9,82,-6.5,-8.3,9.7,100,0.0,0.0,6,0
2025-02-23 08:00:00,799988.2,-4.0,84,-6.3,-8.3,9.5,98,0.0,0.0,6,0
2025-02-23 09:00:00,857156.4,-2.7,83,-5.2,-6.8,8.9,100,0.0,24.0,6,0
2025-02-23 10:00:00,903339.8,-2.2,83,-4.8,-6.3,9.5,100,0.0,141.0,6,0
2025-02-23 11:00:00,942798.8,-2.0,81,-4.8,-6.0,8.8,100,0.0,324.0,6,0
2025-02-23 12:00:00,963196.6,-1.4,78,-4.8,-5.4,8.5,100,0.0,465.0,6,0
2025-02-23 13:00:00,959123.0,-1.1,77,-4.6,-5.2,10.5,100,0.0,581.0,6,0
2025-02-23 14:00:00,956662.2,-1.0,78,-4.3,-5.2,11.8,100,0.0,597.0,6,0
2025-02-23 15:00:00,961464.7,-0.6,77,-4.1,-4.8,10.5,100,0.0,538.0,6,0
2025-02-23 16:00:00,984098.4,-0.4,77,-4.0,-4.6,10.4,100,0.0,422.0,6,0
2025-02-23 17:00:00,1030001.0,-0.6,79,-3.9,-4.6,9.0,100,0.0,283.0,6,0
2025-02-23 18:00:00,1087109.5,-1.0,79,-4.2,-5.0,8.5,100,0.0,157.0,6,0
2025-02-23 19:00:00,1076466.8,-1.6,81,-4.4,-5.5,8.4,100,0.0,37.0,6,0
2025-02-23 20:00:00,1043241.4,-2.2,84,-4.5,-6.2,9.2,100,0.0,0.0,6,0
2025-02-23 21:00:00,990986.2,-2.2,85,-4.4,-6.3,9.5,100,0.0,0.0,6,0
2025-02-23 22:00:00,906783.5,-2.7,86,-4.7,-6.7,8.4,95,0.0,0.0,6,0
2025-02-23 23:00:00,815953.4,-2.8,88,-4.6,-6.8,8.6,33,0.0,0.0,6,0
2025-02-24 00:00:00,737828.5,-2.8,89,-4.4,-7.0,9.6,98,0.0,0.0,0,0
2025-02-24 01:00:00,683200.6,-2.8,89,-4.4,-7.0,9.6,100,0.0,0.0,0,0
2025-02-24 02:00:00,652176.2,-2.2,89,-3.8,-6.3,10.2,100,0.0,0.0,0,0
2025-02-24 03:00:00,635428.2,-1.9,89,-3.5,-6.0,10.3,100,0.0,0.0,0,0
2025-02-24 04:00:00,636585.5,-2.0,88,-3.7,-6.0,9.7,98,0.0,0.0,0,0
2025-02-24 05:00:00,663999.1,-2.3,88,-4.1,-6.4,9.8,99,0.0,0.0,0,0
2025-02-24 06:00:00,715611.5,-1.8,88,-3.5,-6.0,10.8,100,0.0,0.0,0,0
2025-02-24 07:00:00,784980.8,-1.6,88,-3.4,-6.2,13.8,100,0.0,0.0,0,0
2025-02-24 08:00:00,807384.2,-1.1,86,-3.2,-6.1,16.2,100,0.0,0.0,0,0
2025-02-24 09:00:00,828144.8,0.2,81,-2.6,-5.2,20.6,100,0.0,35.0,0,0
2025-02-24 10:00:00,848752.5,0.8,81,-2.2,-5.0,23.0,99,0.0,107.0,0,0
2025-02-24 11:00:00,868485.8,1.4,79,-1.9,-4.9,26.5,91,0.0,273.0,0,0
2025-02-24 12:00:00,866148.9,2.0,76,-1.7,-4.9,31.4,91,0.0,503.0,0,0
2025-02-24 13:00:00,850687.9,2.6,75,-1.3,-4.7,34.5,71,0.0,450.0,0,0
2025-02-24 14:00:00,844670.9,3.1,74,-1.0,-3.7,32.8,97,0.0,609.0,0,0
2025-02-24 15:00:00,839940.1,3.6,73,-0.7,-3.4,32.6,98,0.0,331.0,0,0
2025-02-24 16:00:00,867002.1,3.8,75,-0.3,-3.0,31.9,60,0.0,334.0,0,0
2025-02-24 17:00:00,922779.1,3.8,76,-0.1,-2.3,27.1,98,0.0,328.0,0,0
2025-02-24 18:00:00,994426.4,3.6,78,0.1,-2.0,23.6,99,0.0,214.0,0,0
2025-02-24 19:00:00,999060.7,3.3,79,0.1,-1.7,20.0,0,0.0,46.0,0,0
2025-02-24 20:00:00,972620.0,3.0,80,0.0,-1.7,18.1,88,0.0,0.0,0,0
2025-02-24 21:00:00,922445.0,3.8,76,0.0,-0.7,16.6,96,0.0,0.0,0,0
2025-02-24 22:00:00,843342.3,3.7,77,0.1,-0.6,14.8,100,0.0,0.0,0,0
2025-02-24 23:00:00,759767.7,3.5,79,0.2,-0.7,14.3,100,0.0,0.0,0,0
2025-02-25 00:00:00,688463.5,3.3,80,0.2,-1.0,15.4,100,0.0,0.0,1,0
2025-02-25 01:00:00,636582.4,3.2,81,0.2,-1.3,15.9,100,0.0,0.0,1,0
2025-02-25 02:00:00,607236.5,3.0,82,0.2,-1.2,14.8,100,0.0,0.0,1,0
2025-02-25 03:00:00,592046.9,2.8,83,0.2,-1.2,13.1,100,0.0,0.0,1,0
2025-02-25 04:00:00,594885.6,2.8,83,0.2,-0.9,11.2,100,0.0,0.0,1,0
2025-02-25 05:00:00,622160.9,2.3,86,0.2,-0.5,5.0,100,0.0,0.0,1,0
2025-02-25 06:00:00,677164.2,1.8,89,0.2,-1.1,5.3,100,0.0,0.0,1,0
2025-02-25 07:00:00,750954.5,1.6,91,0.2,-1.6,7.3,100,0.0,0.0,1,0
2025-02-25 08:00:00,762762.1,1.5,92,0.2,-2.1,9.8,100,0.0,0.0,1,0
2025-02-25 09:00:00,780503.5,2.0,90,0.6,-1.5,9.7,100,0.1,30.0,1,0
2025-02-25 10:00:00,793523.2,2.2,89,0.6,-1.1,9.0,100,0.0,138.0,1,0
2025-02-25 11:00:00,805735.5,2.3,89,0.6,-0.4,4.5,96,0.1,205.0,1,0
2025-02-25 12:00:00,809778.5,2.8,87,0.9,0.1,4.9,100,0.1,412.0,1,0
2025-02-25 13:00:00,815622.7,3.1,86,1.0,0.3,5.6,71,0.0,467.0,1,0
2025-02-25 14:00:00,798899.1,3.5,85,1.2,0.6,6.9,67,0.0,535.0,1,0
2025-02-25 15:00:00,800414.7,3.9,82,1.1,0.9,7.9,52,0.0,564.0,1,0
2025-02-25 16:00:00,861081.7,3.8,83,1.1,0.6,8.0,41,0.0,507.0,1,0
2025-02-25 17:00:00,914180.0,3.4,84,0.9,0.6,6.0,0,0.0,333.0,1,0
2025-02-25 18:00:00,956108.1,3.0,85,0.6,0.1,5.4,2,0.0,220.0,1,0
2025-02-25 19:00:00,963412.0,1.7,86,-0.4,-1.6,7.8,47,0.0,55.0,1,0
2025-02-25 20:00:00,939678.0,1.9,87,-0.1,-1.8,10.1,53,0.0,0.0,1,0
2025-02-25 21:00:00,895654.0,1.8,88,0.1,-2.2,12.4,13,0.0,0.0,1,0
2025-02-25 22:00:00,819919.3,1.7,87,-0.2,-2.5,13.8,2,0.0,0.0,1,0
2025-02-25 23:00:00,741237.0,1.5,88,-0.3,-2.7,13.5,13,0.0,0.0,1,0
2025-02-26 00:00:00,676956.6,1.1,86,-1.0,-3.2,13.8,6,0.0,0.0,2,0
2025-02-26 01:00:00,629677.9,0.8,85,-1.5,-3.8,14.8,74,0.0,0.0,2,0
2025-02-26 02:00:00,604320.2,0.6,85,-1.6,-4.0,15.2,8,0.0,0.0,2,0
2025-02-26 03:00:00,591609.4,-0.3,87,-2.2,-4.5,11.9,2,0.0,0.0,2,0
2025-02-26 04:00:00,597929.6,-1.2,88,-3.0,-5.3,10.8,0,0.0,0.0,2,0
2025-02-26 05:00:00,627021.5,-2.3,87,-4.2,-6.2,7.7,0,0.0,0.0,2,0
2025-02-26 06:00:00,679302.9,-3.3,88,-5.1,-7.5,9.1,0,0.0,0.0,2,0
2025-02-26 07:00:00,748112.6,-4.1,88,-5.8,-8.4,10.4,0,0.0,0.0,2,0
2025-02-26 08:00:00,751489.8,-4.4,86,-6.4,-9.0,11.6,1,0.0,0.0,2,0
2025-02-26 09:00:00,752304.9,-2.4,94,-3.2,-6.4,10.1,100,0.0,46.0,2,0
2025-02-26 10:00:00,769131.7,-2.1,99,-2.2,-5.8,8.5,80,0.0,199.0,2,0
2025-02-26 11:00:00,788922.8,-0.9,95,-1.6,-4.6,9.3,100,0.0,385.0,2,0
2025-02-26 12:00:00,805719.6,0.9,86,-1.2,-2.7,8.8,100,0.0,526.0,2,0
2025-02-26 13:00:00,796181.7,1.9,80,-1.2,-0.7,4.0,100,0.0,604.0,2,0
2025-02-26 14:00:00,788030.3,2.0,80,-1.0,-0.3,0.9,100,0.0,556.0,2,0
2025-02-26 15:00:00,792171.2,2.1,78,-1.4,-0.6,2.3,100,0.0,496.0,2,0
2025-02-26 16:00:00,824795.8,1.6,83,-0.9,-1.2,3.7,100,0.0,372.0,2,0
2025-02-26 17:00:00,887284.7,1.2,87,-0.6,-1.5,3.9,100,0.0,299.0,2,0
2025-02-26 18:00:00,953133.3,0.8,90,-0.6,-2.2,5.2,75,0.0,188.0,2,0
2025-02-26 19:00:00,962848.5,-1.6,93,-2.6,-4.6,3.6,91,0.0,58.0,2,0
2025-02-26 20:00:00,945510.7,-2.1,94,-2.9,-5.0,2.3,100,0.0,0.0,2,0
2025-02-26 21:00:00,903761.4,-1.0,84,-3.4,-4.2,4.1,97,0.0,0.0,2,0
2025-02-26 22:00:00,827224.8,-1.2,86,-3.3,-4.1,1.5,100,0.0,0.0,2,0
2025-02-26 23:00:00,749597.7,-1.4,88,-3.0,-4.0,0.6,99,0.0,0.0,2,0
2025-02-27 00:00:00,680394.2,-0.9,86,-3.0,-4.2,5.7,100,0.0,0.0,3,0
2025-02-27 01:00:00,629218.3,-0.4,87,-2.2,-4.2,9.3,100,0.0,0.0,3,0
2025-02-27 02:00:00,601437.8,0.2,88,-1.5,-3.7,10.4,100,0.0,0.0,3,0
2025-02-27 03:00:00,589094.1,0.4,93,-0.6,-3.5,11.2,100,0.4,0.0,3,0
2025-02-27 04:00:00,593931.2,0.3,96,-0.3,-3.5,11.5,100,0.3,0.0,3,0
2025-02-27 05:00:00,626204.5,0.3,96,-0.2,-3.5,11.5,100,0.0,0.0,3,0
2025-02-27 06:00:00,680255.1,0.3,95,-0.3,-3.6,12.4,100,0.0,0.0,3,0
2025-02-27 07:00:00,757664.7,0.4,95,-0.3,-3.6,12.7,100,0.3,0.0,3,0
2025-02-27 08:00:00,779338.6,0.4,94,-0.4,-3.3,10.8,100,1.0,0.0,3,0
2025-02-27 09:00:00,792787.4,0.5,96,-0.1,-3.1,10.2,100,1.7,12.0,3,0
2025-02-27 10:00:00,811084.5,0.6,96,0.1,-2.7,8.1,100,1.3,69.0,3,0
2025-02-27 11:00:00,831648.3,0.9,95,0.2,-2.2,6.9,100,0.4,217.0,3,0
2025-02-27 12:00:00,842581.9,1.5,90,0.1,-1.9,9.0,100,0.0,400.0,3,0
2025-02-27 13:00:00,831499.7,1.6,89,0.1,-2.0,10.7,100,0.0,441.0,3,0
2025-02-27 14:00:00,816061.6,1.9,88,0.2,-1.6,9.6,73,0.0,451.0,3,0
2025-02-27 15:00:00,834116.8,2.5,86,0.3,-1.1,10.5,75,0.0,561.0,3,0
2025-02-27 16:00:00,873318.8,2.9,85,0.6,-1.6,16.8,100,0.0,511.0,3,0
2025-02-27 17:00:00,920274.1,2.7,87,0.8,-1.9,17.8,100,0.0,246.0,3,0
2025-02-27 18:00:00,965715.0,2.6,88,0.8,-2.1,18.4,100,0.0,116.0,3,0
2025-02-27 19:00:00,970523.3,2.3,87,0.3,-2.2,16.9,46,0.0,37.0,3,0
2025-02-27 20:00:00,953941.6,1.7,83,-0.9,-2.8,15.5,99,0.0,0.0,3,0
2025-02-27 21:00:00,914469.9,1.4,88,-0.4,-2.9,14.2,86,0.0,0.0,3,0
2025-02-27 22:00:00,843673.9,1.4,88,-0.3,-3.0,14.9,98,0.0,0.0,3,0
2025-02-27 23:00:00,769962.4,1.6,87,-0.2,-2.6,14.7,100,0.0,0.0,3,0
2025-02-28 00:00:00,710763.2,1.7,85,-0.6,-2.7,15.1,100,0.0,0.0,4,0
2025-02-28 01:00:00,662966.5,0.1,80,-3.0,-5.8,23.0,1,0.0,0.0,4,0
2025-02-28 02:00:00,634006.0,-2.7,80,-5.6,-8.5,20.2,84,0.0,0.0,4,0
2025-02-28 03:00:00,620456.5,-4.2,81,-7.0,-10.0,18.7,42,0.0,0.0,4,0
2025-02-28 04:00:00,625672.8,-4.9,80,-7.8,-10.6,17.7,36,0.0,0.0,4,0
2025-02-28 05:00:00,654624.7,-5.3,80,-8.2,-10.9,17.1,21,0.0,0.0,4,0
2025-02-28 06:00:00,705024.9,-6.2,79,-9.2,-11.7,16.0,2,0.0,0.0,4,0
2025-02-28 07:00:00,772514.2,-7.1,79,-10.2,-12.2,12.2,1,0.0,0.0,4,0
2025-02-28 08:00:00,787907.1,-8.1,78,-11.3,-12.9,9.5,3,0.0,0.0,4,0
2025-02-28 09:00:00,822727.6,-6.1,80,-9.1,-10.4,7.4,100,0.0,58.0,4,0
2025-02-28 10:00:00,855896.9,-5.6,81,-8.3,-9.5,5.4,100,0.0,207.0,4,0
2025-02-28 11:00:00,883102.4,-4.1,81,-6.8,-7.3,2.1,100,0.0,298.0,4,0
2025-02-28 12:00:00,887719.0,-2.8,83,-5.2,-6.7,7.8,100,0.0,337.0,4,0
2025-02-28 13:00:00,883090.8,-1.6,87,-3.6,-6.3,13.8,100,0.0,359.0,4,0
2025-02-28 14:00:00,880524.1,-0.2,81,-3.0,-4.6,12.6,100,0.1,407.0,4,0
2025-02-28 15:00:00,894575.3,0.6,81,-2.3,-4.0,14.4,100,0.2,356.0,4,0
2025-02-28 16:00:00,924068.0,0.6,86,-1.4,-4.6,19.4,100,0.2,247.0,4,0
2025-02-28 17:00:00,969291.0,0.8,89,-0.9,-4.4,20.3,100,0.2,148.0,4,0
2025-02-28 18:00:00,992548.2,1.4,86,-0.8,-3.9,20.3,100,0.2,70.0,4,0
2025-02-28 19:00:00,984782.3,2.5,77,-1.1,-2.4,17.3,100,0.1,22.0,4,0
2025-02-28 20:00:00,960379.2,3.2,75,-0.8,-1.7,18.4,74,0.0,0.0,4,0
2025-02-28 21:00:00,918167.6,2.8,75,-1.2,-2.0,16.6,23,0.3,0.0,4,0
2025-02-28 22:00:00,856091.3,2.8,77,-0.9,-1.5,13.7,58,0.0,0.0,4,0
2025-02-28 23:00:00,787137.9,2.6,80,-0.5,-1.5,12.9,100,0.0,0.0,4,0
