timestamp,energy
2026-01-01 00:00:00,11773.493994
2026-01-01 01:00:00,11792.093557
2026-01-01 02:00:00,11764.041621
2026-01-01 03:00:00,11800.767688
2026-01-01 04:00:00,11947.174576
2026-01-01 05:00:00,12326.600991
2026-01-01 06:00:00,12820.89741
2026-01-01 07:00:00,13151.660458
2026-01-01 08:00:00,13124.78462
2026-01-01 09:00:00,12878.910284
2026-01-01 10:00:00,12571.250105
2026-01-01 11:00:00,12227.518839
2026-01-01 12:00:00,11963.405851
2026-01-01 13:00:00,11785.754955
2026-01-01 14:00:00,11718.143044
2026-01-01 15:00:00,11816.673351
2026-01-01 16:00:00,11935.254883
2026-01-01 17:00:00,12477.056701
2026-01-01 18:00:00,12832.839413
2026-01-01 19:00:00,12679.444415
2026-01-01 20:00:00,12524.836227
2026-01-01 21:00:00,12263.780497
2026-01-01 22:00:00,11771.076337
2026-01-01 23:00:00,11208.810522
2026-01-02 00:00:00,10620.136394
2026-01-02 01:00:00,10277.448887
2026-01-02 02:00:00,10076.011354
2026-01-02 03:00:00,10050.307422
2026-01-02 04:00:00,10288.66344
2026-01-02 05:00:00,10748.625054
2026-01-02 06:00:00,11420.574288
2026-01-02 07:00:00,12021.977709
2026-01-02 08:00:00,12241.326331
2026-01-02 09:00:00,12198.371677
2026-01-02 10:00:00,12290.369528
2026-01-02 11:00:00,12295.851625
2026-01-02 12:00:00,12451.289529
2026-01-02 13:00:00,12519.053504
2026-01-02 14:00:00,12606.415758
2026-01-02 15:00:00,12848.626827
2026-01-02 16:00:00,13000.001469
2026-01-02 17:00:00,13050.641503
2026-01-02 18:00:00,13183.559478
2026-01-02 19:00:00,12832.345528
2026-01-02 20:00:00,12557.820599
2026-01-02 21:00:00,12217.689529
2026-01-02 22:00:00,11700.981113
2026-01-02 23:00:00,11197.057653
2026-01-03 00:00:00,10722.885752
2026-01-03 01:00:00,10355.404997
2026-01-03 02:00:00,10074.86396
2026-01-03 03:00:00,9987.851673
2026-01-03 04:00:00,10054.007758
2026-01-03 05:00:00,10283.174546
2026-01-03 06:00:00,10798.868288
2026-01-03 07:00:00,11372.625054
2026-01-03 08:00:00,11941.20681
2026-01-03 09:00:00,12130.398665
2026-01-03 10:00:00,12138.904827
2026-01-03 11:00:00,12067.205074
2026-01-03 12:00:00,11947.634394
2026-01-03 13:00:00,11778.170916
2026-01-03 14:00:00,11714.48312
2026-01-03 15:00:00,11829.934472
2026-01-03 16:00:00,11946.538269
2026-01-03 17:00:00,12379.995218
2026-01-03 18:00:00,12820.685937
2026-01-03 19:00:00,12711.434188
2026-01-03 20:00:00,12579.265606
2026-01-03 21:00:00,12460.92924
2026-01-03 22:00:00,12180.869911
2026-01-03 23:00:00,11770.155829
2026-01-04 00:00:00,11443.775293
2026-01-04 01:00:00,11238.227946
2026-01-04 02:00:00,11265.255285
2026-01-04 03:00:00,11347.653056
2026-01-04 04:00:00,11553.382099
2026-01-04 05:00:00,11923.61608
2026-01-04 06:00:00,12450.262293
2026-01-04 07:00:00,13053.73604
2026-01-04 08:00:00,13488.408972
2026-01-04 09:00:00,13669.755659
2026-01-04 10:00:00,13189.049814
2026-01-04 11:00:00,12822.025588
2026-01-04 12:00:00,12640.620543
2026-01-04 13:00:00,12496.285064
2026-01-04 14:00:00,12496.068827
2026-01-04 15:00:00,12426.766227
2026-01-04 16:00:00,12690.111507
2026-01-04 17:00:00,13246.048819
2026-01-04 18:00:00,13682.693185
2026-01-04 19:00:00,13661.174169
2026-01-04 20:00:00,13502.554921
2026-01-04 21:00:00,13205.698383
2026-01-04 22:00:00,12629.572392
2026-01-04 23:00:00,11962.806076
2026-01-05 00:00:00,11480.810509
2026-01-05 01:00:00,11216.896675
2026-01-05 02:00:00,11040.81511
2026-01-05 03:00:00,11103.792596
2026-01-05 04:00:00,11498.924551
2026-01-05 05:00:00,12227.481077
2026-01-05 06:00:00,13280.23821
2026-01-05 07:00:00,13932.853392
2026-01-05 08:00:00,14156.189262
2026-01-05 09:00:00,14336.727711
2026-01-05 10:00:00,14338.583707
2026-01-05 11:00:00,14089.827217
2026-01-05 12:00:00,13775.718371
2026-01-05 13:00:00,13482.357974
2026-01-05 14:00:00,13333.915304
2026-01-05 15:00:00,13292.055977
2026-01-05 16:00:00,13380.094468
2026-01-05 17:00:00,13754.511219
2026-01-05 18:00:00,14191.507016
2026-01-05 19:00:00,14027.703942
2026-01-05 20:00:00,13691.917859
2026-01-05 21:00:00,13152.050062
2026-01-05 22:00:00,12372.354608
2026-01-05 23:00:00,11543.874438
2026-01-06 00:00:00,10964.159197
2026-01-06 01:00:00,10577.161421
2026-01-06 02:00:00,10309.201612
2026-01-06 03:00:00,10200.50848
2026-01-06 04:00:00,10417.114407
2026-01-06 05:00:00,11057.976494
2026-01-06 06:00:00,12134.939764
2026-01-06 07:00:00,12649.872251
2026-01-06 08:00:00,12753.66387
2026-01-06 09:00:00,12748.756474
2026-01-06 10:00:00,12706.841955
2026-01-06 11:00:00,12804.713178
2026-01-06 12:00:00,12835.380876
2026-01-06 13:00:00,12960.040225
2026-01-06 14:00:00,13146.903709
2026-01-06 15:00:00,13274.362201
2026-01-06 16:00:00,13516.884916
2026-01-06 17:00:00,13750.420199
2026-01-06 18:00:00,13925.559146
2026-01-06 19:00:00,13783.966476
2026-01-06 20:00:00,13413.039388
2026-01-06 21:00:00,12916.882654
2026-01-06 22:00:00,12120.891437
2026-01-06 23:00:00,11383.441526
2026-01-07 00:00:00,10868.840637
2026-01-07 01:00:00,10627.996929
2026-01-07 02:00:00,10596.831706
2026-01-07 03:00:00,10673.590009
2026-01-07 04:00:00,11049.211664
2026-01-07 05:00:00,11988.737683
2026-01-07 06:00:00,13384.287675
2026-01-07 07:00:00,14082.337938
2026-01-07 08:00:00,13946.880147
2026-01-07 09:00:00,13467.086323
2026-01-07 10:00:00,13020.887716
2026-01-07 11:00:00,12902.991672
2026-01-07 12:00:00,12959.970018
2026-01-07 13:00:00,12966.375569
2026-01-07 14:00:00,12968.614206
2026-01-07 15:00:00,13065.447882
2026-01-07 16:00:00,13273.512702
2026-01-07 17:00:00,13675.149942
2026-01-07 18:00:00,14120.567222
2026-01-07 19:00:00,14043.768205
2026-01-07 20:00:00,13823.506061
2026-01-07 21:00:00,13460.03948
2026-01-07 22:00:00,12674.610388
2026-01-07 23:00:00,11821.297471
2026-01-08 00:00:00,11172.774195
2026-01-08 01:00:00,10759.811306
2026-01-08 02:00:00,10473.593533
2026-01-08 03:00:00,10328.307126
2026-01-08 04:00:00,10461.442364
2026-01-08 05:00:00,11098.803937
2026-01-08 06:00:00,12187.342324
2026-01-08 07:00:00,12918.981111
2026-01-08 08:00:00,13115.558282
2026-01-08 09:00:00,13286.490203
2026-01-08 10:00:00,13479.624786
2026-01-08 11:00:00,13637.503941
2026-01-08 12:00:00,13731.981155
2026-01-08 13:00:00,13829.651922
2026-01-08 14:00:00,13800.124509
2026-01-08 15:00:00,13669.591546
2026-01-08 16:00:00,13637.592374
2026-01-08 17:00:00,13832.155203
2026-01-08 18:00:00,14195.661656
2026-01-08 19:00:00,13909.597447
2026-01-08 20:00:00,13527.246162
2026-01-08 21:00:00,12964.503867
2026-01-08 22:00:00,12150.347249
2026-01-08 23:00:00,11303.245086
2026-01-09 00:00:00,10567.042915
2026-01-09 01:00:00,10129.046211
2026-01-09 02:00:00,9968.393186
2026-01-09 03:00:00,9992.220789
2026-01-09 04:00:00,10214.407585
2026-01-09 05:00:00,11015.949506
2026-01-09 06:00:00,12210.324024
2026-01-09 07:00:00,12962.700024
2026-01-09 08:00:00,13215.43216
2026-01-09 09:00:00,13271.282221
2026-01-09 10:00:00,13073.152033
2026-01-09 11:00:00,12895.65189
2026-01-09 12:00:00,12847.034107
2026-01-09 13:00:00,12929.240804
2026-01-09 14:00:00,12932.354475
2026-01-09 15:00:00,12854.81846
2026-01-09 16:00:00,12890.004444
2026-01-09 17:00:00,13120.975103
2026-01-09 18:00:00,13514.86006
2026-01-09 19:00:00,13315.128398
2026-01-09 20:00:00,13167.470008
2026-01-09 21:00:00,12918.572589
2026-01-09 22:00:00,12410.27499
2026-01-09 23:00:00,11892.649788
2026-01-10 00:00:00,11488.142191
2026-01-10 01:00:00,11267.975575
2026-01-10 02:00:00,11230.608132
2026-01-10 03:00:00,11431.732882
2026-01-10 04:00:00,11863.646104
2026-01-10 05:00:00,12421.889589
2026-01-10 06:00:00,13181.445926
2026-01-10 07:00:00,14142.263025
2026-01-10 08:00:00,14949.230387
2026-01-10 09:00:00,15363.545222
2026-01-10 10:00:00,15225.839239
2026-01-10 11:00:00,14678.530903
2026-01-10 12:00:00,14213.242843
2026-01-10 13:00:00,13671.072492
2026-01-10 14:00:00,13246.959962
2026-01-10 15:00:00,13087.219607
2026-01-10 16:00:00,13364.896044
2026-01-10 17:00:00,14078.610173
2026-01-10 18:00:00,14860.131522
2026-01-10 19:00:00,14955.310635
2026-01-10 20:00:00,15154.753199
2026-01-10 21:00:00,15185.146636
2026-01-10 22:00:00,14952.197513
2026-01-10 23:00:00,14695.277505
2026-01-11 00:00:00,14329.895104
2026-01-11 01:00:00,14075.509633
2026-01-11 02:00:00,13982.995867
2026-01-11 03:00:00,14003.576103
2026-01-11 04:00:00,14238.444241
2026-01-11 05:00:00,14614.735007
2026-01-11 06:00:00,15123.985857
2026-01-11 07:00:00,15700.586741
2026-01-11 08:00:00,15828.610661
2026-01-11 09:00:00,15308.136318
2026-01-11 10:00:00,14539.043026
2026-01-11 11:00:00,13793.538286
2026-01-11 12:00:00,13189.476658
2026-01-11 13:00:00,12707.441659
2026-01-11 14:00:00,12464.324144
2026-01-11 15:00:00,12429.374272
2026-01-11 16:00:00,12598.34356
2026-01-11 17:00:00,13250.913838
2026-01-11 18:00:00,14078.5769
2026-01-11 19:00:00,14331.039793
2026-01-11 20:00:00,14406.001523
2026-01-11 21:00:00,14215.543373
2026-01-11 22:00:00,13751.805535
2026-01-11 23:00:00,13194.787422
2026-01-12 00:00:00,12946.065335
2026-01-12 01:00:00,12911.627693
2026-01-12 02:00:00,13024.976988
2026-01-12 03:00:00,13303.754118
2026-01-12 04:00:00,13943.451486
2026-01-12 05:00:00,15220.175708
2026-01-12 06:00:00,16931.462168
2026-01-12 07:00:00,17776.831911
2026-01-12 08:00:00,17397.580452
2026-01-12 09:00:00,16622.421304
2026-01-12 10:00:00,15872.163784
2026-01-12 11:00:00,15029.551139
2026-01-12 12:00:00,14310.56584
2026-01-12 13:00:00,13744.223313
2026-01-12 14:00:00,13366.20623
2026-01-12 15:00:00,13115.172718
2026-01-12 16:00:00,13187.944844
2026-01-12 17:00:00,13838.643189
2026-01-12 18:00:00,14651.915149
2026-01-12 19:00:00,14804.845624
2026-01-12 20:00:00,14718.895279
2026-01-12 21:00:00,14395.60599
2026-01-12 22:00:00,13739.667272
2026-01-12 23:00:00,13063.605301
2026-01-13 00:00:00,12679.567525
2026-01-13 01:00:00,12485.441164
2026-01-13 02:00:00,12462.240851
2026-01-13 03:00:00,12586.344135
2026-01-13 04:00:00,13107.249287
2026-01-13 05:00:00,14010.14453
2026-01-13 06:00:00,15384.118068
2026-01-13 07:00:00,15977.140434
2026-01-13 08:00:00,15709.371078
2026-01-13 09:00:00,15215.318714
2026-01-13 10:00:00,14595.984485
2026-01-13 11:00:00,14060.410238
2026-01-13 12:00:00,13560.157981
2026-01-13 13:00:00,13167.203198
2026-01-13 14:00:00,12883.067778
2026-01-13 15:00:00,12902.846633
2026-01-13 16:00:00,13141.820589
2026-01-13 17:00:00,13772.365131
2026-01-13 18:00:00,14404.924558
2026-01-13 19:00:00,14453.284032
2026-01-13 20:00:00,14314.942311
2026-01-13 21:00:00,13892.837512
2026-01-13 22:00:00,13187.998388
2026-01-13 23:00:00,12513.146768
2026-01-14 00:00:00,12094.838461
2026-01-14 01:00:00,11964.423727
2026-01-14 02:00:00,12010.582191
2026-01-14 03:00:00,12159.474495
2026-01-14 04:00:00,12514.449144
2026-01-14 05:00:00,13395.072891
2026-01-14 06:00:00,14539.966626
2026-01-14 07:00:00,15014.561831
2026-01-14 08:00:00,14799.571091
2026-01-14 09:00:00,14375.346727
2026-01-14 10:00:00,13965.8331
2026-01-14 11:00:00,13610.609767
2026-01-14 12:00:00,13315.761069
2026-01-14 13:00:00,13072.453166
2026-01-14 14:00:00,12973.907384
2026-01-14 15:00:00,13028.489272
2026-01-14 16:00:00,13389.4275
2026-01-14 17:00:00,14241.537901
2026-01-14 18:00:00,14990.106389
2026-01-14 19:00:00,15080.776305
2026-01-14 20:00:00,15075.605741
2026-01-14 21:00:00,14835.279738
2026-01-14 22:00:00,14172.710911
2026-01-14 23:00:00,13593.079769
2026-01-15 00:00:00,13265.198777
2026-01-15 01:00:00,13237.884605
2026-01-15 02:00:00,13375.671313
2026-01-15 03:00:00,13673.941956
2026-01-15 04:00:00,14475.097941
2026-01-15 05:00:00,15769.527344
2026-01-15 06:00:00,17501.882541
2026-01-15 07:00:00,18242.861732
2026-01-15 08:00:00,17681.699249
2026-01-15 09:00:00,16615.764067
2026-01-15 10:00:00,15719.936539
2026-01-15 11:00:00,14864.264446
2026-01-15 12:00:00,14120.317524
2026-01-15 13:00:00,13585.059287
2026-01-15 14:00:00,13243.744498
2026-01-15 15:00:00,13124.242589
2026-01-15 16:00:00,13287.95509
2026-01-15 17:00:00,13832.672303
2026-01-15 18:00:00,14677.384172
2026-01-15 19:00:00,14930.12164
2026-01-15 20:00:00,14935.564707
2026-01-15 21:00:00,14624.765508
2026-01-15 22:00:00,13985.536513
2026-01-15 23:00:00,13317.637336
2026-01-16 00:00:00,12817.020416
2026-01-16 01:00:00,12542.379066
2026-01-16 02:00:00,12384.916201
2026-01-16 03:00:00,12480.140784
2026-01-16 04:00:00,12924.94499
2026-01-16 05:00:00,13815.642246
2026-01-16 06:00:00,15147.071374
2026-01-16 07:00:00,15804.574775
2026-01-16 08:00:00,15568.770221
2026-01-16 09:00:00,15084.584751
2026-01-16 10:00:00,14651.619048
2026-01-16 11:00:00,14133.376415
2026-01-16 12:00:00,13647.030488
2026-01-16 13:00:00,13334.468223
2026-01-16 14:00:00,13033.095606
2026-01-16 15:00:00,12955.182269
2026-01-16 16:00:00,13094.297464
2026-01-16 17:00:00,13719.309405
2026-01-16 18:00:00,14444.008266
2026-01-16 19:00:00,14621.714234
2026-01-16 20:00:00,14760.578151
2026-01-16 21:00:00,14689.138286
2026-01-16 22:00:00,14393.4587
2026-01-16 23:00:00,14126.889583
2026-01-17 00:00:00,13868.362552
2026-01-17 01:00:00,13733.783289
2026-01-17 02:00:00,13762.522701
2026-01-17 03:00:00,13950.373662
2026-01-17 04:00:00,14340.547086
2026-01-17 05:00:00,14921.752629
2026-01-17 06:00:00,15664.562849
2026-01-17 07:00:00,16407.770911
2026-01-17 08:00:00,16849.382046
2026-01-17 09:00:00,17003.894365
2026-01-17 10:00:00,17123.015694
2026-01-17 11:00:00,16929.334577
2026-01-17 12:00:00,16577.423432
2026-01-17 13:00:00,16035.822609
2026-01-17 14:00:00,15700.25148
2026-01-17 15:00:00,15911.286612
2026-01-17 16:00:00,16168.936782
2026-01-17 17:00:00,16601.656307
2026-01-17 18:00:00,17369.461145
2026-01-17 19:00:00,17668.827659
2026-01-17 20:00:00,17945.614146
2026-01-17 21:00:00,17939.274715
2026-01-17 22:00:00,17731.73532
2026-01-17 23:00:00,17581.539628
2026-01-18 00:00:00,17389.453605
2026-01-18 01:00:00,17345.647333
2026-01-18 02:00:00,17572.508472
2026-01-18 03:00:00,17796.04025
2026-01-18 04:00:00,18154.126174
2026-01-18 05:00:00,18705.439144
2026-01-18 06:00:00,19383.308386
2026-01-18 07:00:00,20071.513226
2026-01-18 08:00:00,19941.273131
2026-01-18 09:00:00,18951.387286
2026-01-18 10:00:00,17687.570204
2026-01-18 11:00:00,16436.58423
2026-01-18 12:00:00,15285.668803
2026-01-18 13:00:00,14363.417093
2026-01-18 14:00:00,13650.799537
2026-01-18 15:00:00,13206.872165
2026-01-18 16:00:00,13075.582557
2026-01-18 17:00:00,13564.969867
2026-01-18 18:00:00,14371.797913
2026-01-18 19:00:00,14621.593482
2026-01-18 20:00:00,14735.688509
2026-01-18 21:00:00,14793.691894
2026-01-18 22:00:00,14538.063087
2026-01-18 23:00:00,14154.395034
2026-01-19 00:00:00,14000.934446
2026-01-19 01:00:00,13987.058302
2026-01-19 02:00:00,14098.212066
2026-01-19 03:00:00,14397.707386
2026-01-19 04:00:00,15059.480333
2026-01-19 05:00:00,16061.824373
2026-01-19 06:00:00,17232.366078
2026-01-19 07:00:00,18057.795058
2026-01-19 08:00:00,17869.595333
2026-01-19 09:00:00,17207.36138
2026-01-19 10:00:00,16549.139243
2026-01-19 11:00:00,15842.331777
2026-01-19 12:00:00,15231.304112
2026-01-19 13:00:00,14710.137567
2026-01-19 14:00:00,14382.195259
2026-01-19 15:00:00,14359.193258
2026-01-19 16:00:00,14610.515542
2026-01-19 17:00:00,15753.025852
2026-01-19 18:00:00,16907.97786
2026-01-19 19:00:00,17192.966018
2026-01-19 20:00:00,17273.199985
2026-01-19 21:00:00,16941.308776
2026-01-19 22:00:00,16465.897797
2026-01-19 23:00:00,16029.083304
2026-01-20 00:00:00,15783.175984
2026-01-20 01:00:00,15818.776345
2026-01-20 02:00:00,16010.85324
2026-01-20 03:00:00,16333.213355
2026-01-20 04:00:00,17010.909537
2026-01-20 05:00:00,18133.417565
2026-01-20 06:00:00,19610.06017
2026-01-20 07:00:00,20330.820188
2026-01-20 08:00:00,19786.037821
2026-01-20 09:00:00,18962.873397
2026-01-20 10:00:00,17738.586028
2026-01-20 11:00:00,16696.908538
2026-01-20 12:00:00,15885.236417
2026-01-20 13:00:00,15192.546869
2026-01-20 14:00:00,14783.613165
2026-01-20 15:00:00,14661.544369
2026-01-20 16:00:00,15000.170428
2026-01-20 17:00:00,15651.986116
2026-01-20 18:00:00,16308.613612
2026-01-20 19:00:00,16194.691811
2026-01-20 20:00:00,15953.759249
2026-01-20 21:00:00,15384.456727
2026-01-20 22:00:00,14439.279577
2026-01-20 23:00:00,13552.173581
2026-01-21 00:00:00,12912.361476
2026-01-21 01:00:00,12536.838132
2026-01-21 02:00:00,12344.431197
2026-01-21 03:00:00,12251.823843
2026-01-21 04:00:00,12450.830662
2026-01-21 05:00:00,13195.586573
2026-01-21 06:00:00,14313.277849
2026-01-21 07:00:00,14775.478982
2026-01-21 08:00:00,14717.141138
2026-01-21 09:00:00,14689.466218
2026-01-21 10:00:00,14548.258462
2026-01-21 11:00:00,14156.355216
2026-01-21 12:00:00,13636.201236
2026-01-21 13:00:00,13115.50135
2026-01-21 14:00:00,12860.516127
2026-01-21 15:00:00,12791.31173
2026-01-21 16:00:00,12944.079608
2026-01-21 17:00:00,13433.19252
2026-01-21 18:00:00,14120.062137
2026-01-21 19:00:00,14248.579274
2026-01-21 20:00:00,14179.735712
2026-01-21 21:00:00,13919.908611
2026-01-21 22:00:00,13251.806006
2026-01-21 23:00:00,12601.419337
2026-01-22 00:00:00,12112.23887
2026-01-22 01:00:00,12005.245034
2026-01-22 02:00:00,12035.708241
2026-01-22 03:00:00,12209.116807
2026-01-22 04:00:00,12741.017654
2026-01-22 05:00:00,13825.158973
2026-01-22 06:00:00,15278.097345
2026-01-22 07:00:00,15972.876824
2026-01-22 08:00:00,15846.645963
2026-01-22 09:00:00,15533.199528
2026-01-22 10:00:00,15256.089774
2026-01-22 11:00:00,14913.868422
2026-01-22 12:00:00,14573.48167
2026-01-22 13:00:00,14198.629156
2026-01-22 14:00:00,13931.645243
2026-01-22 15:00:00,13791.452286
2026-01-22 16:00:00,14018.618101
2026-01-22 17:00:00,14647.644599
2026-01-22 18:00:00,15402.169007
2026-01-22 19:00:00,15401.1305
2026-01-22 20:00:00,15294.021289
2026-01-22 21:00:00,14838.239184
2026-01-22 22:00:00,14066.918345
2026-01-22 23:00:00,13238.121311
2026-01-23 00:00:00,12522.213533
2026-01-23 01:00:00,12090.233787
2026-01-23 02:00:00,11864.213717
2026-01-23 03:00:00,11827.525304
2026-01-23 04:00:00,12128.659749
2026-01-23 05:00:00,12834.880829
2026-01-23 06:00:00,13946.265608
2026-01-23 07:00:00,14631.981051
2026-01-23 08:00:00,15070.686778
2026-01-23 09:00:00,15425.847726
2026-01-23 10:00:00,15713.93985
2026-01-23 11:00:00,15997.053815
2026-01-23 12:00:00,16201.105789
2026-01-23 13:00:00,16420.355424
2026-01-23 14:00:00,16620.542981
2026-01-23 15:00:00,16931.607917
2026-01-23 16:00:00,17551.879676
2026-01-23 17:00:00,18411.716179
2026-01-23 18:00:00,19015.382525
2026-01-23 19:00:00,19082.013853
2026-01-23 20:00:00,19095.852365
2026-01-23 21:00:00,18855.843913
2026-01-23 22:00:00,18512.670533
2026-01-23 23:00:00,18249.144005
2026-01-24 00:00:00,17986.377179
2026-01-24 01:00:00,17848.73927
2026-01-24 02:00:00,17813.872146
2026-01-24 03:00:00,17894.862131
2026-01-24 04:00:00,18170.055174
2026-01-24 05:00:00,18964.35488
2026-01-24 06:00:00,19933.707778
2026-01-24 07:00:00,20970.085383
2026-01-24 08:00:00,21743.757133
2026-01-24 09:00:00,22041.815091
2026-01-24 10:00:00,22463.407647
2026-01-24 11:00:00,22790.468183
2026-01-24 12:00:00,23121.615608
2026-01-24 13:00:00,23171.309642
2026-01-24 14:00:00,23170.396893
2026-01-24 15:00:00,23324.215797
2026-01-24 16:00:00,23625.345232
2026-01-24 17:00:00,24183.805864
2026-01-24 18:00:00,24607.630217
2026-01-24 19:00:00,24570.261331
2026-01-24 20:00:00,24636.633723
2026-01-24 21:00:00,24353.478907
2026-01-24 22:00:00,23943.816184
2026-01-24 23:00:00,23552.841087
2026-01-25 00:00:00,23417.804063
2026-01-25 01:00:00,23359.796628
2026-01-25 02:00:00,23411.792621
2026-01-25 03:00:00,23666.040273
2026-01-25 04:00:00,24105.479279
2026-01-25 05:00:00,24511.378832
2026-01-25 06:00:00,24877.052846
2026-01-25 07:00:00,25156.261352
2026-01-25 08:00:00,25225.786603
2026-01-25 09:00:00,25318.162381
2026-01-25 10:00:00,25223.167888
2026-01-25 11:00:00,24833.620159
2026-01-25 12:00:00,24303.41133
2026-01-25 13:00:00,24008.787714
2026-01-25 14:00:00,23793.17082
2026-01-25 15:00:00,23766.789172
2026-01-25 16:00:00,24020.677899
2026-01-25 17:00:00,24521.340459
2026-01-25 18:00:00,24994.744562
2026-01-25 19:00:00,24631.668392
2026-01-25 20:00:00,24270.01714
2026-01-25 21:00:00,23890.783502
2026-01-25 22:00:00,23249.4398
2026-01-25 23:00:00,22864.961163
2026-01-26 00:00:00,22815.403471
2026-01-26 01:00:00,22951.951855
2026-01-26 02:00:00,23053.191297
2026-01-26 03:00:00,23207.911
2026-01-26 04:00:00,23447.782488
2026-01-26 05:00:00,23971.918099
2026-01-26 06:00:00,24375.042957
2026-01-26 07:00:00,24595.60775
2026-01-26 08:00:00,25003.100901
2026-01-26 09:00:00,24517.90183
2026-01-26 10:00:00,23401.869154
2026-01-26 11:00:00,22237.487819
2026-01-26 12:00:00,21109.132531
2026-01-26 13:00:00,19943.901229
2026-01-26 14:00:00,19149.610102
2026-01-26 15:00:00,18526.347525
2026-01-26 16:00:00,18616.05648
2026-01-26 17:00:00,19448.577096
2026-01-26 18:00:00,20611.387997
2026-01-26 19:00:00,21011.11968
2026-01-26 20:00:00,21129.754724
2026-01-26 21:00:00,21096.881198
2026-01-26 22:00:00,20797.223283
2026-01-26 23:00:00,20588.233524
2026-01-27 00:00:00,20518.382362
2026-01-27 01:00:00,20594.851864
2026-01-27 02:00:00,20614.533587
2026-01-27 03:00:00,20628.703922
2026-01-27 04:00:00,21005.187159
2026-01-27 05:00:00,21561.421811
2026-01-27 06:00:00,22255.962454
2026-01-27 07:00:00,22990.524734
2026-01-27 08:00:00,23054.685162
2026-01-27 09:00:00,22043.918825
2026-01-27 10:00:00,21164.246421
2026-01-27 11:00:00,20266.735052
2026-01-27 12:00:00,19559.618763
2026-01-27 13:00:00,18861.422731
2026-01-27 14:00:00,18374.800944
2026-01-27 15:00:00,18145.88337
2026-01-27 16:00:00,17958.119879
2026-01-27 17:00:00,18479.267403
2026-01-27 18:00:00,19301.276755
2026-01-27 19:00:00,19419.472801
2026-01-27 20:00:00,19453.550461
2026-01-27 21:00:00,19317.161617
2026-01-27 22:00:00,18904.263152
2026-01-27 23:00:00,18621.154175
2026-01-28 00:00:00,18381.97609
2026-01-28 01:00:00,18415.022948
2026-01-28 02:00:00,18585.047149
2026-01-28 03:00:00,18966.908339
2026-01-28 04:00:00,19544.926102
2026-01-28 05:00:00,20233.563979
2026-01-28 06:00:00,21064.183306
2026-01-28 07:00:00,21680.994812
2026-01-28 08:00:00,21480.455218
2026-01-28 09:00:00,20533.205103
2026-01-28 10:00:00,19238.645043
2026-01-28 11:00:00,18086.779851
2026-01-28 12:00:00,17082.324188
2026-01-28 13:00:00,16396.112418
2026-01-28 14:00:00,15655.835838
2026-01-28 15:00:00,15304.784107
2026-01-28 16:00:00,15275.845627
2026-01-28 17:00:00,15943.715806
2026-01-28 18:00:00,17281.910743
2026-01-28 19:00:00,17911.911916
2026-01-28 20:00:00,18280.740422
2026-01-28 21:00:00,18375.832299
2026-01-28 22:00:00,18030.295623
2026-01-28 23:00:00,17575.22072
2026-01-29 00:00:00,17195.234307
2026-01-29 01:00:00,17029.062152
2026-01-29 02:00:00,16924.10117
2026-01-29 03:00:00,16928.528519
2026-01-29 04:00:00,17360.204267
2026-01-29 05:00:00,18204.769528
2026-01-29 06:00:00,19258.707053
2026-01-29 07:00:00,19721.256107
2026-01-29 08:00:00,19266.455415
2026-01-29 09:00:00,18159.028339
2026-01-29 10:00:00,17041.747329
2026-01-29 11:00:00,15977.72951
2026-01-29 12:00:00,15075.190268
2026-01-29 13:00:00,14382.552408
2026-01-29 14:00:00,13933.017744
2026-01-29 15:00:00,13784.083728
2026-01-29 16:00:00,14126.021469
2026-01-29 17:00:00,14998.634469
2026-01-29 18:00:00,16478.449906
2026-01-29 19:00:00,17185.305479
2026-01-29 20:00:00,17669.514738
2026-01-29 21:00:00,17786.959283
2026-01-29 22:00:00,17511.439345
2026-01-29 23:00:00,17156.681616
2026-01-30 00:00:00,17156.045311
2026-01-30 01:00:00,17251.25074
2026-01-30 02:00:00,17449.95917
2026-01-30 03:00:00,17791.337619
2026-01-30 04:00:00,18475.909311
2026-01-30 05:00:00,19573.700538
2026-01-30 06:00:00,21072.426639
2026-01-30 07:00:00,21767.746098
2026-01-30 08:00:00,21532.091883
2026-01-30 09:00:00,20665.986988
2026-01-30 10:00:00,19340.203027
2026-01-30 11:00:00,18205.386778
2026-01-30 12:00:00,17224.692403
2026-01-30 13:00:00,16416.691571
2026-01-30 14:00:00,15750.196645
2026-01-30 15:00:00,15321.654029
2026-01-30 16:00:00,15416.908852
2026-01-30 17:00:00,16173.240419
2026-01-30 18:00:00,17335.334038
2026-01-30 19:00:00,17816.954404
2026-01-30 20:00:00,18217.389192
2026-01-30 21:00:00,18381.525047
2026-01-30 22:00:00,18329.327137
2026-01-30 23:00:00,18327.948527
2026-01-31 00:00:00,18180.379237
2026-01-31 01:00:00,18278.585163
2026-01-31 02:00:00,18540.151428
2026-01-31 03:00:00,18930.915248
2026-01-31 04:00:00,19490.5122
2026-01-31 05:00:00,20462.889909
2026-01-31 06:00:00,21649.656197
2026-01-31 07:00:00,22747.026693
2026-01-31 08:00:00,23132.73003
2026-01-31 09:00:00,22993.309438
2026-01-31 10:00:00,22338.459287
2026-01-31 11:00:00,21506.083351
2026-01-31 12:00:00,20598.368975
2026-01-31 13:00:00,19642.282941
2026-01-31 14:00:00,18903.050988
2026-01-31 15:00:00,18593.931755
2026-01-31 16:00:00,18732.156141
2026-01-31 17:00:00,19669.933901
2026-01-31 18:00:00,20788.918263
2026-01-31 19:00:00,21191.085293
2026-01-31 20:00:00,21372.20623
2026-01-31 21:00:00,21357.785989
2026-01-31 22:00:00,21071.084609
2026-01-31 23:00:00,20707.732091
2026-02-01 00:00:00,20428.898692
2026-02-01 01:00:00,20301.643682
2026-02-01 02:00:00,20294.512251
2026-02-01 03:00:00,20399.263959
2026-02-01 04:00:00,20668.82637
2026-02-01 05:00:00,21154.823696
2026-02-01 06:00:00,21768.993683
2026-02-01 07:00:00,22373.43654
2026-02-01 08:00:00,22152.539463
2026-02-01 09:00:00,21055.362113
2026-02-01 10:00:00,19816.550311
2026-02-01 11:00:00,18564.280593
2026-02-01 12:00:00,17425.852612
2026-02-01 13:00:00,16398.904547
2026-02-01 14:00:00,15592.336074
2026-02-01 15:00:00,15059.4839
2026-02-01 16:00:00,15023.251742
2026-02-01 17:00:00,15586.505072
2026-02-01 18:00:00,16878.326051
2026-02-01 19:00:00,17505.977905
2026-02-01 20:00:00,17796.789774
2026-02-01 21:00:00,17728.465008
2026-02-01 22:00:00,17204.814519
2026-02-01 23:00:00,16623.812324
2026-02-02 00:00:00,16387.845915
2026-02-02 01:00:00,16181.852099
2026-02-02 02:00:00,16361.321863
2026-02-02 03:00:00,16522.410849
2026-02-02 04:00:00,17073.95412
2026-02-02 05:00:00,18161.034278
2026-02-02 06:00:00,19681.852312
2026-02-02 07:00:00,20149.751339
2026-02-02 08:00:00,19247.23655
2026-02-02 09:00:00,17942.15382
2026-02-02 10:00:00,16836.739966
2026-02-02 11:00:00,15824.658745
2026-02-02 12:00:00,14956.476219
2026-02-02 13:00:00,14396.590047
2026-02-02 14:00:00,13967.09023
2026-02-02 15:00:00,13752.070272
2026-02-02 16:00:00,13868.649794
2026-02-02 17:00:00,14441.417046
2026-02-02 18:00:00,15279.706941
2026-02-02 19:00:00,15398.285685
2026-02-02 20:00:00,15167.235682
2026-02-02 21:00:00,14743.457881
2026-02-02 22:00:00,13956.820492
2026-02-02 23:00:00,13143.971112
2026-02-03 00:00:00,12610.867079
2026-02-03 01:00:00,12157.446219
2026-02-03 02:00:00,11915.937439
2026-02-03 03:00:00,11850.306104
2026-02-03 04:00:00,12068.631607
2026-02-03 05:00:00,12939.079695
2026-02-03 06:00:00,14172.116125
2026-02-03 07:00:00,14557.799813
2026-02-03 08:00:00,14529.52957
2026-02-03 09:00:00,14432.20697
2026-02-03 10:00:00,14187.4513
2026-02-03 11:00:00,14021.050636
2026-02-03 12:00:00,13689.986996
2026-02-03 13:00:00,13379.347415
2026-02-03 14:00:00,13054.34466
2026-02-03 15:00:00,12805.143344
2026-02-03 16:00:00,13021.156317
2026-02-03 17:00:00,13473.794014
2026-02-03 18:00:00,14175.321882
2026-02-03 19:00:00,14453.912736
2026-02-03 20:00:00,14421.953274
2026-02-03 21:00:00,14231.25772
2026-02-03 22:00:00,13634.620479
2026-02-03 23:00:00,13027.814612
2026-02-04 00:00:00,12820.701201
2026-02-04 01:00:00,12741.381861
2026-02-04 02:00:00,12820.967067
2026-02-04 03:00:00,13059.482059
2026-02-04 04:00:00,13730.902783
2026-02-04 05:00:00,14954.52335
2026-02-04 06:00:00,16557.978299
2026-02-04 07:00:00,17259.439527
2026-02-04 08:00:00,16788.505465
2026-02-04 09:00:00,16049.696122
2026-02-04 10:00:00,15657.006093
2026-02-04 11:00:00,15179.468737
2026-02-04 12:00:00,14746.910878
2026-02-04 13:00:00,14196.869447
2026-02-04 14:00:00,13783.73875
2026-02-04 15:00:00,13608.491974
2026-02-04 16:00:00,13845.885446
2026-02-04 17:00:00,14596.554014
2026-02-04 18:00:00,15535.200956
2026-02-04 19:00:00,15844.762585
2026-02-04 20:00:00,15875.044541
2026-02-04 21:00:00,15678.329901
2026-02-04 22:00:00,15066.393368
2026-02-04 23:00:00,14528.806704
2026-02-05 00:00:00,14473.322744
2026-02-05 01:00:00,14412.815589
2026-02-05 02:00:00,14602.768494
2026-02-05 03:00:00,14964.596374
2026-02-05 04:00:00,15519.746497
2026-02-05 05:00:00,16676.647947
2026-02-05 06:00:00,18221.954343
2026-02-05 07:00:00,18758.73629
2026-02-05 08:00:00,17828.038641
2026-02-05 09:00:00,16649.231449
2026-02-05 10:00:00,15533.025243
2026-02-05 11:00:00,14627.1528
2026-02-05 12:00:00,13998.717604
2026-02-05 13:00:00,13491.080542
2026-02-05 14:00:00,13094.382256
2026-02-05 15:00:00,12892.389293
2026-02-05 16:00:00,12956.089871
2026-02-05 17:00:00,13304.420054
2026-02-05 18:00:00,13949.822848
2026-02-05 19:00:00,14225.6465
2026-02-05 20:00:00,14237.118146
2026-02-05 21:00:00,13928.275394
2026-02-05 22:00:00,13357.632145
2026-02-05 23:00:00,12765.099435
2026-02-06 00:00:00,12342.668379
2026-02-06 01:00:00,12107.383619
2026-02-06 02:00:00,12037.712096
2026-02-06 03:00:00,12248.398627
2026-02-06 04:00:00,12665.382425
2026-02-06 05:00:00,13703.262007
2026-02-06 06:00:00,15011.598115
2026-02-06 07:00:00,15568.58373
2026-02-06 08:00:00,15171.649017
2026-02-06 09:00:00,14409.632905
2026-02-06 10:00:00,13739.746957
2026-02-06 11:00:00,13239.534367
2026-02-06 12:00:00,12935.955869
2026-02-06 13:00:00,12863.040145
2026-02-06 14:00:00,12892.084925
2026-02-06 15:00:00,13027.026214
2026-02-06 16:00:00,13196.045512
2026-02-06 17:00:00,13457.259005
2026-02-06 18:00:00,13645.272932
2026-02-06 19:00:00,13420.818866
2026-02-06 20:00:00,13027.712166
2026-02-06 21:00:00,12724.389216
2026-02-06 22:00:00,12227.961724
2026-02-06 23:00:00,11598.484566
2026-02-07 00:00:00,11071.425385
2026-02-07 01:00:00,10708.864124
2026-02-07 02:00:00,10513.963765
2026-02-07 03:00:00,10550.036081
2026-02-07 04:00:00,10840.3348
2026-02-07 05:00:00,11363.289218
2026-02-07 06:00:00,12128.450115
2026-02-07 07:00:00,12902.261771
2026-02-07 08:00:00,13292.980612
2026-02-07 09:00:00,13321.670932
2026-02-07 10:00:00,13073.017919
2026-02-07 11:00:00,12750.166099
2026-02-07 12:00:00,12484.702123
2026-02-07 13:00:00,12409.896705
2026-02-07 14:00:00,12417.697071
2026-02-07 15:00:00,12568.844138
2026-02-07 16:00:00,12758.303655
2026-02-07 17:00:00,12943.401559
2026-02-07 18:00:00,13254.17612
2026-02-07 19:00:00,13225.009428
2026-02-07 20:00:00,13028.286464
2026-02-07 21:00:00,12711.237937
2026-02-07 22:00:00,12231.938746
2026-02-07 23:00:00,11701.92953
2026-02-08 00:00:00,11207.88102
2026-02-08 01:00:00,10860.524699
2026-02-08 02:00:00,10665.807362
2026-02-08 03:00:00,10472.793844
2026-02-08 04:00:00,10573.962183
2026-02-08 05:00:00,10829.581631
2026-02-08 06:00:00,11201.966196
2026-02-08 07:00:00,11695.887174
2026-02-08 08:00:00,12267.577931
2026-02-08 09:00:00,12702.128487
2026-02-08 10:00:00,12889.577227
2026-02-08 11:00:00,12914.349367
2026-02-08 12:00:00,12815.317036
2026-02-08 13:00:00,12761.158756
2026-02-08 14:00:00,12764.617771
2026-02-08 15:00:00,12856.825103
2026-02-08 16:00:00,13215.762789
2026-02-08 17:00:00,13345.469542
2026-02-08 18:00:00,13512.242934
2026-02-08 19:00:00,13340.019526
2026-02-08 20:00:00,13119.463927
2026-02-08 21:00:00,12853.330041
2026-02-08 22:00:00,12332.228066
2026-02-08 23:00:00,11467.302746
2026-02-09 00:00:00,10949.135395
2026-02-09 01:00:00,10529.816518
2026-02-09 02:00:00,10347.486258
2026-02-09 03:00:00,10380.917297
2026-02-09 04:00:00,10641.866068
2026-02-09 05:00:00,11471.615627
2026-02-09 06:00:00,12887.966706
2026-02-09 07:00:00,13591.622737
2026-02-09 08:00:00,13606.625521
2026-02-09 09:00:00,13579.303089
2026-02-09 10:00:00,13389.414404
2026-02-09 11:00:00,13307.481224
2026-02-09 12:00:00,13461.447816
2026-02-09 13:00:00,13652.615874
2026-02-09 14:00:00,13822.080233
2026-02-09 15:00:00,13980.527848
2026-02-09 16:00:00,14336.458712
2026-02-09 17:00:00,14594.017578
2026-02-09 18:00:00,14946.792266
2026-02-09 19:00:00,14772.099743
2026-02-09 20:00:00,14425.948147
2026-02-09 21:00:00,13929.5711
2026-02-09 22:00:00,13118.018033
2026-02-09 23:00:00,12221.39206
2026-02-10 00:00:00,11489.684041
2026-02-10 01:00:00,11022.701475
2026-02-10 02:00:00,10650.371563
2026-02-10 03:00:00,10572.614303
2026-02-10 04:00:00,10744.728395
2026-02-10 05:00:00,11455.104327
2026-02-10 06:00:00,12639.229412
2026-02-10 07:00:00,13126.256033
2026-02-10 08:00:00,13205.887062
2026-02-10 09:00:00,13360.1889
2026-02-10 10:00:00,13454.150252
2026-02-10 11:00:00,13462.278568
2026-02-10 12:00:00,13449.720703
2026-02-10 13:00:00,13426.358196
2026-02-10 14:00:00,13332.031025
2026-02-10 15:00:00,13372.639537
2026-02-10 16:00:00,13528.814669
2026-02-10 17:00:00,13900.946402
2026-02-10 18:00:00,14208.41987
2026-02-10 19:00:00,14097.137537
2026-02-10 20:00:00,13814.330246
2026-02-10 21:00:00,13328.762322
2026-02-10 22:00:00,12468.393208
2026-02-10 23:00:00,11668.1488
2026-02-11 00:00:00,11072.168079
2026-02-11 01:00:00,10770.495983
2026-02-11 02:00:00,10645.969065
2026-02-11 03:00:00,10618.638899
2026-02-11 04:00:00,11103.393093
2026-02-11 05:00:00,12044.362989
2026-02-11 06:00:00,13507.994355
2026-02-11 07:00:00,14172.260142
2026-02-11 08:00:00,14053.730241
2026-02-11 09:00:00,13683.220654
2026-02-11 10:00:00,13283.017355
2026-02-11 11:00:00,13062.524172
2026-02-11 12:00:00,12867.101961
2026-02-11 13:00:00,12704.809334
2026-02-11 14:00:00,12616.155794
2026-02-11 15:00:00,12715.721093
2026-02-11 16:00:00,12872.95539
2026-02-11 17:00:00,13212.42669
2026-02-11 18:00:00,13809.439231
2026-02-11 19:00:00,13960.023205
2026-02-11 20:00:00,13785.141973
2026-02-11 21:00:00,13420.101347
2026-02-11 22:00:00,12692.72784
2026-02-11 23:00:00,12040.718771
2026-02-12 00:00:00,11542.954232
2026-02-12 01:00:00,11288.465797
2026-02-12 02:00:00,11191.005896
2026-02-12 03:00:00,11234.572166
2026-02-12 04:00:00,11648.073939
2026-02-12 05:00:00,12590.27418
2026-02-12 06:00:00,13995.030143
2026-02-12 07:00:00,14642.090158
2026-02-12 08:00:00,14382.781927
2026-02-12 09:00:00,13927.240627
2026-02-12 10:00:00,13492.023587
2026-02-12 11:00:00,13129.276587
2026-02-12 12:00:00,12943.709369
2026-02-12 13:00:00,12932.710063
2026-02-12 14:00:00,12937.702932
2026-02-12 15:00:00,13069.380682
2026-02-12 16:00:00,13321.931531
2026-02-12 17:00:00,13455.187796
2026-02-12 18:00:00,13791.785528
2026-02-12 19:00:00,13837.114909
2026-02-12 20:00:00,13613.055139
2026-02-12 21:00:00,13171.367089
2026-02-12 22:00:00,12434.221086
2026-02-12 23:00:00,11705.147176
2026-02-13 00:00:00,11036.168617
2026-02-13 01:00:00,10646.266963
2026-02-13 02:00:00,10397.74109
2026-02-13 03:00:00,10385.08485
2026-02-13 04:00:00,10561.44535
2026-02-13 05:00:00,11232.832723
2026-02-13 06:00:00,12295.28348
2026-02-13 07:00:00,12812.707465
2026-02-13 08:00:00,12958.408713
2026-02-13 09:00:00,12983.369535
2026-02-13 10:00:00,13103.004356
2026-02-13 11:00:00,13122.68231
2026-02-13 12:00:00,13147.97947
2026-02-13 13:00:00,13413.374883
2026-02-13 14:00:00,13529.096182
2026-02-13 15:00:00,13516.261698
2026-02-13 16:00:00,13539.630419
2026-02-13 17:00:00,13649.891485
2026-02-13 18:00:00,13861.742119
2026-02-13 19:00:00,13735.321382
2026-02-13 20:00:00,13486.448814
2026-02-13 21:00:00,13136.732802
2026-02-13 22:00:00,12604.129766
2026-02-13 23:00:00,11956.872838
2026-02-14 00:00:00,11420.199918
2026-02-14 01:00:00,11106.715859
2026-02-14 02:00:00,10715.685359
2026-02-14 03:00:00,10526.83278
2026-02-14 04:00:00,10507.86005
2026-02-14 05:00:00,10678.121827
2026-02-14 06:00:00,11038.720398
2026-02-14 07:00:00,11492.504952
2026-02-14 08:00:00,12168.420067
2026-02-14 09:00:00,12954.365241
2026-02-14 10:00:00,13489.509127
2026-02-14 11:00:00,13696.208473
2026-02-14 12:00:00,13794.985712
2026-02-14 13:00:00,13481.777683
2026-02-14 14:00:00,13240.629995
2026-02-14 15:00:00,13220.287509
2026-02-14 16:00:00,13173.071698
2026-02-14 17:00:00,13333.618117
2026-02-14 18:00:00,13639.530392
2026-02-14 19:00:00,13508.45981
2026-02-14 20:00:00,13278.727875
2026-02-14 21:00:00,12871.792415
2026-02-14 22:00:00,12438.62462
2026-02-14 23:00:00,11913.126759
2026-02-15 00:00:00,11432.97694
2026-02-15 01:00:00,11062.785455
2026-02-15 02:00:00,10812.880572
2026-02-15 03:00:00,10663.771902
2026-02-15 04:00:00,10660.717241
2026-02-15 05:00:00,10872.434137
2026-02-15 06:00:00,11245.625265
2026-02-15 07:00:00,11682.083006
2026-02-15 08:00:00,12270.699799
2026-02-15 09:00:00,12705.648128
2026-02-15 10:00:00,12893.724461
2026-02-15 11:00:00,12760.810742
2026-02-15 12:00:00,12596.298184
2026-02-15 13:00:00,12476.170273
2026-02-15 14:00:00,12448.854106
2026-02-15 15:00:00,12612.571986
2026-02-15 16:00:00,12810.63094
2026-02-15 17:00:00,13051.098949
2026-02-15 18:00:00,13480.042817
2026-02-15 19:00:00,13660.868847
2026-02-15 20:00:00,13411.863247
2026-02-15 21:00:00,13095.944905
2026-02-15 22:00:00,12546.21906
2026-02-15 23:00:00,11937.463488
2026-02-16 00:00:00,11556.426749
2026-02-16 01:00:00,11307.386897
2026-02-16 02:00:00,11271.968754
2026-02-16 03:00:00,11392.314005
2026-02-16 04:00:00,11701.578946
2026-02-16 05:00:00,12629.902021
2026-02-16 06:00:00,13702.3856
2026-02-16 07:00:00,14392.798441
2026-02-16 08:00:00,14357.405473
2026-02-16 09:00:00,14250.470967
2026-02-16 10:00:00,13941.478493
2026-02-16 11:00:00,13785.978764
2026-02-16 12:00:00,13647.161085
2026-02-16 13:00:00,13568.296048
2026-02-16 14:00:00,13528.01333
2026-02-16 15:00:00,13721.147284
2026-02-16 16:00:00,14007.059765
2026-02-16 17:00:00,14317.779288
2026-02-16 18:00:00,14802.784824
2026-02-16 19:00:00,14912.425204
2026-02-16 20:00:00,14570.622339
2026-02-16 21:00:00,14001.05375
2026-02-16 22:00:00,13132.958964
2026-02-16 23:00:00,12223.84499
2026-02-17 00:00:00,11574.999219
2026-02-17 01:00:00,11195.867846
2026-02-17 02:00:00,10984.180876
2026-02-17 03:00:00,10978.429816
2026-02-17 04:00:00,11306.436227
2026-02-17 05:00:00,12094.878075
2026-02-17 06:00:00,13292.782251
2026-02-17 07:00:00,13801.309354
2026-02-17 08:00:00,13784.619355
2026-02-17 09:00:00,13728.889564
2026-02-17 10:00:00,13568.390407
2026-02-17 11:00:00,13440.091827
2026-02-17 12:00:00,13420.03784
2026-02-17 13:00:00,13600.191168
2026-02-17 14:00:00,13794.198332
2026-02-17 15:00:00,14109.656609
2026-02-17 16:00:00,14434.992708
2026-02-17 17:00:00,14723.180986
2026-02-17 18:00:00,15048.29222
2026-02-17 19:00:00,15163.08327
2026-02-17 20:00:00,14832.503873
2026-02-17 21:00:00,14296.20976
2026-02-17 22:00:00,13347.431405
2026-02-17 23:00:00,12407.238881
2026-02-18 00:00:00,11690.338652
2026-02-18 01:00:00,11199.507481
2026-02-18 02:00:00,10876.826678
2026-02-18 03:00:00,10706.094279
2026-02-18 04:00:00,10793.012486
2026-02-18 05:00:00,11455.526459
2026-02-18 06:00:00,12548.56423
2026-02-18 07:00:00,12931.216677
2026-02-18 08:00:00,13050.523127
2026-02-18 09:00:00,13064.1174
2026-02-18 10:00:00,13238.197193
2026-02-18 11:00:00,13379.197026
2026-02-18 12:00:00,13441.949488
2026-02-18 13:00:00,13689.862474
2026-02-18 14:00:00,13815.559079
2026-02-18 15:00:00,13925.83094
2026-02-18 16:00:00,14139.78389
2026-02-18 17:00:00,14312.468574
2026-02-18 18:00:00,14611.966013
2026-02-18 19:00:00,14644.244675
2026-02-18 20:00:00,14294.561305
2026-02-18 21:00:00,13762.131193
2026-02-18 22:00:00,12909.413107
2026-02-18 23:00:00,12069.291386
2026-02-19 00:00:00,11478.27122
2026-02-19 01:00:00,10969.461419
2026-02-19 02:00:00,10742.314522
2026-02-19 03:00:00,10668.553924
2026-02-19 04:00:00,10752.014505
2026-02-19 05:00:00,11410.830133
2026-02-19 06:00:00,12482.14056
2026-02-19 07:00:00,12915.660895
2026-02-19 08:00:00,13006.828546
2026-02-19 09:00:00,13241.545597
2026-02-19 10:00:00,13404.168121
2026-02-19 11:00:00,13481.159816
2026-02-19 12:00:00,13488.317269
2026-02-19 13:00:00,13713.80938
2026-02-19 14:00:00,13910.790466
2026-02-19 15:00:00,14009.828523
2026-02-19 16:00:00,14195.49872
2026-02-19 17:00:00,14204.068878
2026-02-19 18:00:00,14135.237911
2026-02-19 19:00:00,14123.419953
2026-02-19 20:00:00,13653.490861
2026-02-19 21:00:00,13057.83757
2026-02-19 22:00:00,12224.68553
2026-02-19 23:00:00,11407.51797
2026-02-20 00:00:00,10774.992739
2026-02-20 01:00:00,10458.11088
2026-02-20 02:00:00,10273.662022
2026-02-20 03:00:00,10382.420513
2026-02-20 04:00:00,10774.250425
2026-02-20 05:00:00,11712.059714
2026-02-20 06:00:00,13150.816375
2026-02-20 07:00:00,13959.52547
2026-02-20 08:00:00,14248.556102
2026-02-20 09:00:00,14338.354627
2026-02-20 10:00:00,14278.393044
2026-02-20 11:00:00,13960.960838
2026-02-20 12:00:00,13437.508001
2026-02-20 13:00:00,13138.523744
2026-02-20 14:00:00,12853.106409
2026-02-20 15:00:00,12714.105712
2026-02-20 16:00:00,12892.743944
2026-02-20 17:00:00,13239.482064
2026-02-20 18:00:00,13560.616229
2026-02-20 19:00:00,13508.744201
2026-02-20 20:00:00,13204.081102
2026-02-20 21:00:00,12872.731322
2026-02-20 22:00:00,12381.438364
2026-02-20 23:00:00,11747.796892
2026-02-21 00:00:00,11193.915765
2026-02-21 01:00:00,10868.52001
2026-02-21 02:00:00,10612.109323
2026-02-21 03:00:00,10511.934164
2026-02-21 04:00:00,10618.949259
2026-02-21 05:00:00,10975.899163
2026-02-21 06:00:00,11581.868184
2026-02-21 07:00:00,12242.580711
2026-02-21 08:00:00,12746.54045
2026-02-21 09:00:00,12930.993531
2026-02-21 10:00:00,12876.814829
2026-02-21 11:00:00,12759.32509
2026-02-21 12:00:00,12571.404607
2026-02-21 13:00:00,12305.611472
2026-02-21 14:00:00,12170.889857
2026-02-21 15:00:00,12201.277637
2026-02-21 16:00:00,12301.205119
2026-02-21 17:00:00,12684.364273
2026-02-21 18:00:00,13312.344921
2026-02-21 19:00:00,13655.377061
2026-02-21 20:00:00,13671.932464
2026-02-21 21:00:00,13601.752548
2026-02-21 22:00:00,13435.598892
2026-02-21 23:00:00,13102.347443
2026-02-22 00:00:00,12837.590707
2026-02-22 01:00:00,12706.563592
2026-02-22 02:00:00,12640.107957
2026-02-22 03:00:00,12711.538118
2026-02-22 04:00:00,12997.59651
2026-02-22 05:00:00,13506.09312
2026-02-22 06:00:00,14166.264692
2026-02-22 07:00:00,14734.35297
2026-02-22 08:00:00,14838.22579
2026-02-22 09:00:00,14558.928316
2026-02-22 10:00:00,14238.152916
2026-02-22 11:00:00,13725.776396
2026-02-22 12:00:00,13359.152161
2026-02-22 13:00:00,13030.315709
2026-02-22 14:00:00,12740.487683
2026-02-22 15:00:00,12721.744522
2026-02-22 16:00:00,12894.14328
2026-02-22 17:00:00,13326.357587
2026-02-22 18:00:00,14220.095102
2026-02-22 19:00:00,14809.233259
2026-02-22 20:00:00,14930.300794
2026-02-22 21:00:00,14812.492321
2026-02-22 22:00:00,14368.962528
2026-02-22 23:00:00,13920.077675
2026-02-23 00:00:00,13614.194212
2026-02-23 01:00:00,13618.07861
2026-02-23 02:00:00,13759.425553
2026-02-23 03:00:00,14110.828358
2026-02-23 04:00:00,14780.974831
2026-02-23 05:00:00,16004.304062
2026-02-23 06:00:00,17764.370296
2026-02-23 07:00:00,18306.463434
2026-02-23 08:00:00,17476.019399
2026-02-23 09:00:00,16692.487919
2026-02-23 10:00:00,15823.460731
2026-02-23 11:00:00,14967.384959
2026-02-23 12:00:00,14333.061007
2026-02-23 13:00:00,13793.687324
2026-02-23 14:00:00,13420.872482
2026-02-23 15:00:00,13213.881748
2026-02-23 16:00:00,13326.792715
2026-02-23 17:00:00,13870.292903
2026-02-23 18:00:00,14680.897098
2026-02-23 19:00:00,15201.592459
2026-02-23 20:00:00,15354.016858
2026-02-23 21:00:00,14980.893662
2026-02-23 22:00:00,14315.049104
2026-02-23 23:00:00,13698.783046
2026-02-24 00:00:00,13377.95932
2026-02-24 01:00:00,13255.021553
2026-02-24 02:00:00,13256.089104
2026-02-24 03:00:00,13390.594377
2026-02-24 04:00:00,14027.587302
2026-02-24 05:00:00,15071.030211
2026-02-24 06:00:00,16609.030111
2026-02-24 07:00:00,16983.993367
2026-02-24 08:00:00,16279.765935
2026-02-24 09:00:00,15592.028745
2026-02-24 10:00:00,14832.296057
2026-02-24 11:00:00,14154.230483
2026-02-24 12:00:00,13613.921729
2026-02-24 13:00:00,13265.322805
2026-02-24 14:00:00,13063.416833
2026-02-24 15:00:00,13037.842418
2026-02-24 16:00:00,13317.991121
2026-02-24 17:00:00,13700.86232
2026-02-24 18:00:00,14241.62098
2026-02-24 19:00:00,14472.984485
2026-02-24 20:00:00,14197.107853
2026-02-24 21:00:00,13690.261415
2026-02-24 22:00:00,12895.949961
2026-02-24 23:00:00,12054.696209
2026-02-25 00:00:00,11463.400001
2026-02-25 01:00:00,11097.377485
2026-02-25 02:00:00,10898.675283
2026-02-25 03:00:00,10909.07432
2026-02-25 04:00:00,11261.071338
2026-02-25 05:00:00,12077.868427
2026-02-25 06:00:00,13237.306417
2026-02-25 07:00:00,13612.988317
2026-02-25 08:00:00,13520.307526
2026-02-25 09:00:00,13302.581164
2026-02-25 10:00:00,13170.559159
2026-02-25 11:00:00,13085.445982
2026-02-25 12:00:00,13128.103004
2026-02-25 13:00:00,13223.661453
2026-02-25 14:00:00,13484.270051
2026-02-25 15:00:00,13831.036407
2026-02-25 16:00:00,14216.321692
2026-02-25 17:00:00,14581.031996
2026-02-25 18:00:00,14718.747909
2026-02-25 19:00:00,14702.133279
2026-02-25 20:00:00,14317.606398
2026-02-25 21:00:00,13681.325965
2026-02-25 22:00:00,12764.480542
2026-02-25 23:00:00,11854.900732
2026-02-26 00:00:00,11176.424782
2026-02-26 01:00:00,10700.49316
2026-02-26 02:00:00,10405.730689
2026-02-26 03:00:00,10331.089133
2026-02-26 04:00:00,10579.641642
2026-02-26 05:00:00,11346.977053
2026-02-26 06:00:00,12541.236704
2026-02-26 07:00:00,13060.497774
2026-02-26 08:00:00,13221.576856
2026-02-26 09:00:00,13333.596727
2026-02-26 10:00:00,13366.528956
2026-02-26 11:00:00,13413.326408
2026-02-26 12:00:00,13469.992105
2026-02-26 13:00:00,13702.598403
2026-02-26 14:00:00,13983.595425
2026-02-26 15:00:00,14307.649434
2026-02-26 16:00:00,14596.826634
2026-02-26 17:00:00,14637.103938
2026-02-26 18:00:00,14545.627206
2026-02-26 19:00:00,14509.387261
2026-02-26 20:00:00,14153.408356
2026-02-26 21:00:00,13547.221774
2026-02-26 22:00:00,12620.48237
2026-02-26 23:00:00,11715.737426
2026-02-27 00:00:00,10958.680983
2026-02-27 01:00:00,10464.107055
2026-02-27 02:00:00,10142.317854
2026-02-27 03:00:00,10086.242529
2026-02-27 04:00:00,10359.407915
2026-02-27 05:00:00,11049.281295
2026-02-27 06:00:00,12241.134947
2026-02-27 07:00:00,12798.036436
2026-02-27 08:00:00,12883.620677
2026-02-27 09:00:00,12859.2711
2026-02-27 10:00:00,12991.73168
2026-02-27 11:00:00,13067.210076
2026-02-27 12:00:00,13204.348841
2026-02-27 13:00:00,13496.158658
2026-02-27 14:00:00,13862.811736
2026-02-27 15:00:00,14228.773191
2026-02-27 16:00:00,14514.071416
2026-02-27 17:00:00,14521.443311
2026-02-27 18:00:00,14221.815166
2026-02-27 19:00:00,13935.762724
2026-02-27 20:00:00,13440.562942
2026-02-27 21:00:00,13014.859525
2026-02-27 22:00:00,12379.477253
2026-02-27 23:00:00,11637.066643
2026-02-28 00:00:00,10941.55043
2026-02-28 01:00:00,10502.814515
2026-02-28 02:00:00,10220.661755
2026-02-28 03:00:00,10061.846052
2026-02-28 04:00:00,10050.19635
2026-02-28 05:00:00,10227.419221
2026-02-28 06:00:00,10591.099817
2026-02-28 07:00:00,11050.262208
2026-02-28 08:00:00,11704.346634
2026-02-28 09:00:00,12205.963812
2026-02-28 10:00:00,12611.846966
2026-02-28 11:00:00,12965.123083
2026-02-28 12:00:00,13322.392263
2026-02-28 13:00:00,13661.807927
2026-02-28 14:00:00,14085.458736
2026-02-28 15:00:00,14430.366966
2026-02-28 16:00:00,14651.70711
2026-02-28 17:00:00,14639.555045
2026-02-28 18:00:00,14402.160365
2026-02-28 19:00:00,14161.983096
2026-02-28 20:00:00,13729.409779
2026-02-28 21:00:00,13284.79975
2026-02-28 22:00:00,12686.62382
2026-02-28 23:00:00,11944.036594
2026-03-01 00:00:00,11322.770782
2026-03-01 01:00:00,10784.168787
2026-03-01 02:00:00,10396.522811
2026-03-01 03:00:00,10098.830823
2026-03-01 04:00:00,10044.241726
2026-03-01 05:00:00,10125.586378
2026-03-01 06:00:00,10333.689569
2026-03-01 07:00:00,10656.955584
2026-03-01 08:00:00,11388.516116
2026-03-01 09:00:00,12061.574614
2026-03-01 10:00:00,12509.168893
2026-03-01 11:00:00,12776.749354
2026-03-01 12:00:00,13038.61677
2026-03-01 13:00:00,13370.936341
2026-03-01 14:00:00,13741.464754
2026-03-01 15:00:00,14210.271216
2026-03-01 16:00:00,14658.255621
2026-03-01 17:00:00,14818.915925
2026-03-01 18:00:00,14928.887148
2026-03-01 19:00:00,14985.111831
2026-03-01 20:00:00,14642.128484
2026-03-01 21:00:00,13990.73594
2026-03-01 22:00:00,13007.230905
2026-03-01 23:00:00,11931.185145
2026-03-02 00:00:00,10948.336812
2026-03-02 01:00:00,10383.369148
2026-03-02 02:00:00,10111.12512
2026-03-02 03:00:00,9989.319345
2026-03-02 04:00:00,10224.379211
2026-03-02 05:00:00,10926.179127
2026-03-02 06:00:00,11916.523243
2026-03-02 07:00:00,12345.385145
2026-03-02 08:00:00,12738.451597
2026-03-02 09:00:00,13015.761075
2026-03-02 10:00:00,13319.930912
2026-03-02 11:00:00,13475.821917
2026-03-02 12:00:00,13838.062977
2026-03-02 13:00:00,14273.582564
2026-03-02 14:00:00,14677.629564
2026-03-02 15:00:00,15144.300869
2026-03-02 16:00:00,15585.156988
2026-03-02 17:00:00,15724.81617
2026-03-02 18:00:00,15545.165262
2026-03-02 19:00:00,15571.653391
2026-03-02 20:00:00,15171.968539
2026-03-02 21:00:00,14501.580283
2026-03-02 22:00:00,13460.587839
2026-03-02 23:00:00,12400.879199
2026-03-03 00:00:00,11590.495731
2026-03-03 01:00:00,11004.441471
2026-03-03 02:00:00,10637.189119
2026-03-03 03:00:00,10536.037729
2026-03-03 04:00:00,10700.609636
2026-03-03 05:00:00,11375.912837
2026-03-03 06:00:00,12468.093559
2026-03-03 07:00:00,12884.940078
2026-03-03 08:00:00,13208.904381
2026-03-03 09:00:00,13497.891768
2026-03-03 10:00:00,13778.751501
2026-03-03 11:00:00,14106.345266
2026-03-03 12:00:00,14530.989478
2026-03-03 13:00:00,15138.277833
2026-03-03 14:00:00,15692.299043
2026-03-03 15:00:00,16161.138499
2026-03-03 16:00:00,16560.210939
2026-03-03 17:00:00,16569.618284
2026-03-03 18:00:00,16237.063902
2026-03-03 19:00:00,16088.519948
2026-03-03 20:00:00,15704.932103
2026-03-03 21:00:00,15102.628756
2026-03-03 22:00:00,14117.129687
2026-03-03 23:00:00,13126.358338
2026-03-04 00:00:00,12364.175736
2026-03-04 01:00:00,11721.408371
2026-03-04 02:00:00,11285.408909
2026-03-04 03:00:00,11088.842858
2026-03-04 04:00:00,11239.04014
2026-03-04 05:00:00,11796.989791
2026-03-04 06:00:00,12871.078595
2026-03-04 07:00:00,13318.469504
2026-03-04 08:00:00,13548.912166
2026-03-04 09:00:00,13941.019377
2026-03-04 10:00:00,14343.077562
2026-03-04 11:00:00,14615.642595
2026-03-04 12:00:00,14841.342396
2026-03-04 13:00:00,15148.341384
2026-03-04 14:00:00,15441.515415
2026-03-04 15:00:00,15583.412186
2026-03-04 16:00:00,15670.971311
2026-03-04 17:00:00,15527.508908
2026-03-04 18:00:00,15497.506012
2026-03-04 19:00:00,15336.032455
2026-03-04 20:00:00,14981.558845
2026-03-04 21:00:00,14411.881982
2026-03-04 22:00:00,13406.969628
2026-03-04 23:00:00,12411.579708
2026-03-05 00:00:00,11592.428669
2026-03-05 01:00:00,11013.580465
2026-03-05 02:00:00,10608.8059
2026-03-05 03:00:00,10432.247018
2026-03-05 04:00:00,10552.215114
2026-03-05 05:00:00,11150.655884
2026-03-05 06:00:00,12223.007103
2026-03-05 07:00:00,12760.944101
2026-03-05 08:00:00,13250.21298
2026-03-05 09:00:00,13840.375158
2026-03-05 10:00:00,14341.493895
2026-03-05 11:00:00,14681.490711
2026-03-05 12:00:00,15005.489031
2026-03-05 13:00:00,15456.724529
2026-03-05 14:00:00,15791.350562
2026-03-05 15:00:00,16002.404949
2026-03-05 16:00:00,16236.201329
2026-03-05 17:00:00,16305.06171
2026-03-05 18:00:00,16310.452369
2026-03-05 19:00:00,16272.864016
2026-03-05 20:00:00,15957.788814
2026-03-05 21:00:00,15445.180623
2026-03-05 22:00:00,14427.797118
2026-03-05 23:00:00,13337.261777
2026-03-06 00:00:00,12366.892399
2026-03-06 01:00:00,11711.862179
2026-03-06 02:00:00,11309.532481
2026-03-06 03:00:00,11104.752442
2026-03-06 04:00:00,11179.805651
2026-03-06 05:00:00,11715.383752
2026-03-06 06:00:00,12708.941416
2026-03-06 07:00:00,13271.718436
2026-03-06 08:00:00,13687.422292
2026-03-06 09:00:00,14106.667244
2026-03-06 10:00:00,14621.407468
2026-03-06 11:00:00,15078.838088
2026-03-06 12:00:00,15416.213712
2026-03-06 13:00:00,15671.089214
2026-03-06 14:00:00,15732.162896
2026-03-06 15:00:00,15722.35411
2026-03-06 16:00:00,15879.686171
2026-03-06 17:00:00,15890.826168
2026-03-06 18:00:00,15771.533407
2026-03-06 19:00:00,15645.408116
2026-03-06 20:00:00,15294.477051
2026-03-06 21:00:00,14843.757085
2026-03-06 22:00:00,14204.688997
2026-03-06 23:00:00,13462.327227
2026-03-07 00:00:00,12600.594706
2026-03-07 01:00:00,12000.033329
2026-03-07 02:00:00,11739.978297
2026-03-07 03:00:00,11519.603815
2026-03-07 04:00:00,11483.343061
2026-03-07 05:00:00,11612.280359
2026-03-07 06:00:00,11803.864349
2026-03-07 07:00:00,11833.102251
2026-03-07 08:00:00,11951.307453
2026-03-07 09:00:00,12226.959467
2026-03-07 10:00:00,12520.305175
2026-03-07 11:00:00,12762.188079
2026-03-07 12:00:00,12777.993822
2026-03-07 13:00:00,12684.220366
2026-03-07 14:00:00,12440.712567
2026-03-07 15:00:00,12427.93039
2026-03-07 16:00:00,12449.189346
2026-03-07 17:00:00,12577.840808
2026-03-07 18:00:00,12882.74738
2026-03-07 19:00:00,12888.877789
2026-03-07 20:00:00,12721.020726
2026-03-07 21:00:00,12437.320027
2026-03-07 22:00:00,11959.154921
2026-03-07 23:00:00,11442.33342
2026-03-08 00:00:00,11037.878434
2026-03-08 01:00:00,10743.090095
2026-03-08 03:00:00,10586.488102
2026-03-08 04:00:00,10596.940888
2026-03-08 05:00:00,10765.411037
2026-03-08 06:00:00,11145.583458
2026-03-08 07:00:00,11638.737469
2026-03-08 08:00:00,11953.904582
2026-03-08 09:00:00,12088.727079
2026-03-08 10:00:00,12086.081393
2026-03-08 11:00:00,11908.814656
2026-03-08 12:00:00,11790.84812
2026-03-08 13:00:00,11745.966206
2026-03-08 14:00:00,11787.431331
2026-03-08 15:00:00,12017.019718
2026-03-08 16:00:00,12456.805902
2026-03-08 17:00:00,12908.092308
2026-03-08 18:00:00,13230.598946
2026-03-08 19:00:00,13466.902094
2026-03-08 20:00:00,13693.89503
2026-03-08 21:00:00,13402.388645
2026-03-08 22:00:00,12716.103625
2026-03-08 23:00:00,11832.216046
2026-03-09 00:00:00,11022.003122
2026-03-09 01:00:00,10499.966094
2026-03-09 02:00:00,10227.266339
2026-03-09 03:00:00,10112.039245
2026-03-09 04:00:00,10272.344153
2026-03-09 05:00:00,10895.654813
2026-03-09 06:00:00,11968.14287
2026-03-09 07:00:00,12626.146392
2026-03-09 08:00:00,12737.37779
2026-03-09 09:00:00,12960.577275
2026-03-09 10:00:00,13245.927038
2026-03-09 11:00:00,13634.647586
2026-03-09 12:00:00,13966.258873
2026-03-09 13:00:00,14270.139078
2026-03-09 14:00:00,14636.418979
2026-03-09 15:00:00,15121.683406
2026-03-09 16:00:00,15790.42977
2026-03-09 17:00:00,16290.385281
2026-03-09 18:00:00,16296.983229
2026-03-09 19:00:00,16260.264961
2026-03-09 20:00:00,16217.672907
2026-03-09 21:00:00,15715.338919
2026-03-09 22:00:00,14844.781355
2026-03-09 23:00:00,13690.332725
2026-03-10 00:00:00,12666.86596
2026-03-10 01:00:00,12004.821166
2026-03-10 02:00:00,11562.837776
2026-03-10 03:00:00,11366.176731
2026-03-10 04:00:00,11409.41645
2026-03-10 05:00:00,11958.181323
2026-03-10 06:00:00,12979.310949
2026-03-10 07:00:00,13585.269931
2026-03-10 08:00:00,13646.934744
2026-03-10 09:00:00,13924.898175
2026-03-10 10:00:00,14396.732351
2026-03-10 11:00:00,14689.617792
2026-03-10 12:00:00,14796.411624
2026-03-10 13:00:00,14972.476539
2026-03-10 14:00:00,15274.547408
2026-03-10 15:00:00,15478.36487
2026-03-10 16:00:00,15851.825748
2026-03-10 17:00:00,16047.527087
2026-03-10 18:00:00,16255.165699
2026-03-10 19:00:00,16290.993382
2026-03-10 20:00:00,16260.28801
2026-03-10 21:00:00,15548.934281
2026-03-10 22:00:00,13918.605026
2026-03-10 23:00:00,12611.221982
2026-03-11 00:00:00,11598.714423
2026-03-11 01:00:00,10957.359251
2026-03-11 02:00:00,10591.802736
2026-03-11 03:00:00,10468.479544
2026-03-11 04:00:00,10470.47138
2026-03-11 05:00:00,11034.556665
2026-03-11 06:00:00,12046.759106
2026-03-11 07:00:00,12663.438979
2026-03-11 08:00:00,12834.429829
2026-03-11 09:00:00,13021.36737
2026-03-11 10:00:00,13271.51852
2026-03-11 11:00:00,13417.727091
2026-03-11 12:00:00,13697.470879
2026-03-11 13:00:00,14082.370286
2026-03-11 14:00:00,14180.790211
2026-03-11 15:00:00,14087.295374
2026-03-11 16:00:00,14012.774651
2026-03-11 17:00:00,13966.063708
2026-03-11 18:00:00,13816.102604
2026-03-11 19:00:00,13724.685768
2026-03-11 20:00:00,13785.704094
2026-03-11 21:00:00,13287.950401
2026-03-11 22:00:00,12412.642666
2026-03-11 23:00:00,11457.868938
2026-03-12 00:00:00,10786.896615
2026-03-12 01:00:00,10385.081633
2026-03-12 02:00:00,10152.302039
2026-03-12 03:00:00,10162.241448
2026-03-12 04:00:00,10451.367712
2026-03-12 05:00:00,11339.839636
2026-03-12 06:00:00,12735.42488
2026-03-12 07:00:00,13713.013725
2026-03-12 08:00:00,13873.174378
2026-03-12 09:00:00,13707.728925
2026-03-12 10:00:00,13358.608137
2026-03-12 11:00:00,12933.383011
2026-03-12 12:00:00,12628.84543
2026-03-12 13:00:00,12418.181438
2026-03-12 14:00:00,12206.668685
2026-03-12 15:00:00,12189.125837
2026-03-12 16:00:00,12311.494214
2026-03-12 17:00:00,12559.137439
2026-03-12 18:00:00,12886.156423
2026-03-12 19:00:00,13175.179436
2026-03-12 20:00:00,13505.635616
2026-03-12 21:00:00,13177.540657
2026-03-12 22:00:00,12509.8376
2026-03-12 23:00:00,11707.135266
2026-03-13 00:00:00,11115.27918
2026-03-13 01:00:00,10790.483178
2026-03-13 02:00:00,10641.912468
2026-03-13 03:00:00,10691.87133
2026-03-13 04:00:00,10901.843235
2026-03-13 05:00:00,11583.218669
2026-03-13 06:00:00,12716.7823
2026-03-13 07:00:00,13506.431991
2026-03-13 08:00:00,13561.388187
2026-03-13 09:00:00,13488.117939
2026-03-13 10:00:00,13194.829732
2026-03-13 11:00:00,12879.927782
2026-03-13 12:00:00,12626.742658
2026-03-13 13:00:00,12516.935159
2026-03-13 14:00:00,12522.492229
2026-03-13 15:00:00,12750.739068
2026-03-13 16:00:00,13032.890663
2026-03-13 17:00:00,13312.13937
2026-03-13 18:00:00,13407.895268
2026-03-13 19:00:00,13181.623483
2026-03-13 20:00:00,13162.850048
2026-03-13 21:00:00,12850.305382
2026-03-13 22:00:00,12304.85819
2026-03-13 23:00:00,11672.02073
2026-03-14 00:00:00,10954.607068
2026-03-14 01:00:00,10391.117734
2026-03-14 02:00:00,10044.572729
2026-03-14 03:00:00,9815.223059
2026-03-14 04:00:00,9811.140079
2026-03-14 05:00:00,10012.88936
2026-03-14 06:00:00,10348.130619
2026-03-14 07:00:00,10811.743737
2026-03-14 08:00:00,11282.986447
2026-03-14 09:00:00,11818.241142
2026-03-14 10:00:00,12052.491161
2026-03-14 11:00:00,12119.476107
2026-03-14 12:00:00,12222.273788
2026-03-14 13:00:00,12472.645194
2026-03-14 14:00:00,12846.948178
2026-03-14 15:00:00,13390.514691
2026-03-14 16:00:00,13872.817464
2026-03-14 17:00:00,14076.728342
2026-03-14 18:00:00,14085.401252
2026-03-14 19:00:00,14028.145677
2026-03-14 20:00:00,13989.092804
2026-03-14 21:00:00,13596.175764
2026-03-14 22:00:00,13037.993258
2026-03-14 23:00:00,12394.105168
2026-03-15 00:00:00,11659.189472
2026-03-15 01:00:00,11175.107295
2026-03-15 02:00:00,10776.463707
2026-03-15 03:00:00,10475.202822
2026-03-15 04:00:00,10408.996167
2026-03-15 05:00:00,10483.064085
2026-03-15 06:00:00,10759.40552
2026-03-15 07:00:00,11178.81444
2026-03-15 08:00:00,11551.55443
2026-03-15 09:00:00,12152.046361
2026-03-15 10:00:00,12760.636339
2026-03-15 11:00:00,13424.839636
2026-03-15 12:00:00,14059.061378
2026-03-15 13:00:00,14530.44427
2026-03-15 14:00:00,14045.094049
2026-03-15 15:00:00,13349.882604
2026-03-15 16:00:00,12953.286073
2026-03-15 17:00:00,12752.360836
2026-03-15 18:00:00,12623.619915
2026-03-15 19:00:00,12613.886255
2026-03-15 20:00:00,12863.370701
2026-03-15 21:00:00,12583.609656
2026-03-15 22:00:00,12127.360572
2026-03-15 23:00:00,11535.045606
2026-03-16 00:00:00,11249.845666
2026-03-16 01:00:00,11152.16237
2026-03-16 02:00:00,11266.518209
2026-03-16 03:00:00,11480.985134
2026-03-16 04:00:00,12042.087098
2026-03-16 05:00:00,13042.517358
2026-03-16 06:00:00,14480.951866
2026-03-16 07:00:00,15695.607894
2026-03-16 08:00:00,16104.900339
2026-03-16 09:00:00,16140.233797
2026-03-16 10:00:00,16007.158337
2026-03-16 11:00:00,15804.670464
2026-03-16 12:00:00,15523.388481
2026-03-16 13:00:00,15224.867184
2026-03-16 14:00:00,15079.245518
2026-03-16 15:00:00,14750.690766
2026-03-16 16:00:00,14563.863009
2026-03-16 17:00:00,14703.255729
2026-03-16 18:00:00,15030.626361
2026-03-16 19:00:00,15470.727787
2026-03-16 20:00:00,15562.986752
2026-03-16 21:00:00,15509.470521
2026-03-16 22:00:00,15305.354842
2026-03-16 23:00:00,14918.692826
2026-03-17 00:00:00,14527.720793
2026-03-17 01:00:00,14398.54423
2026-03-17 02:00:00,14386.35769
2026-03-17 03:00:00,14504.202347
2026-03-17 04:00:00,14746.633783
2026-03-17 05:00:00,15457.616303
2026-03-17 06:00:00,16515.101568
2026-03-17 07:00:00,17248.906828
2026-03-17 08:00:00,17048.121718
2026-03-17 09:00:00,16271.134701
2026-03-17 10:00:00,15606.224274
2026-03-17 11:00:00,14884.421164
2026-03-17 12:00:00,14132.629764
2026-03-17 13:00:00,13598.544915
2026-03-17 14:00:00,13174.142972
2026-03-17 15:00:00,12873.210363
2026-03-17 16:00:00,12770.963852
2026-03-17 17:00:00,12811.479505
2026-03-17 18:00:00,13000.483067
2026-03-17 19:00:00,13397.694762
2026-03-17 20:00:00,13760.689275
2026-03-17 21:00:00,13549.384746
2026-03-17 22:00:00,13008.055632
2026-03-17 23:00:00,12376.034331
2026-03-18 00:00:00,11831.140055
2026-03-18 01:00:00,11602.774537
2026-03-18 02:00:00,11494.96051
2026-03-18 03:00:00,11583.695228
2026-03-18 04:00:00,11883.019427
2026-03-18 05:00:00,12611.438319
2026-03-18 06:00:00,13576.65639
2026-03-18 07:00:00,14184.723268
2026-03-18 08:00:00,14274.715983
2026-03-18 09:00:00,14118.814585
2026-03-18 10:00:00,13705.437
2026-03-18 11:00:00,13147.200562
2026-03-18 12:00:00,12682.943557
2026-03-18 13:00:00,12431.272659
2026-03-18 14:00:00,12301.360184
2026-03-18 15:00:00,12359.923018
2026-03-18 16:00:00,12535.824782
2026-03-18 17:00:00,12739.82458
2026-03-18 18:00:00,12959.979446
2026-03-18 19:00:00,13110.418459
2026-03-18 20:00:00,13354.670463
2026-03-18 21:00:00,13082.975451
2026-03-18 22:00:00,12277.154894
2026-03-18 23:00:00,11476.408829
2026-03-19 00:00:00,10864.03359
2026-03-19 01:00:00,10385.970908
2026-03-19 02:00:00,10108.021738
2026-03-19 03:00:00,10075.423464
2026-03-19 04:00:00,10174.160816
2026-03-19 05:00:00,10757.996702
2026-03-19 06:00:00,11622.706566
2026-03-19 07:00:00,12256.186219
2026-03-19 08:00:00,12536.447044
2026-03-19 09:00:00,12576.674789
2026-03-19 10:00:00,12517.144337
2026-03-19 11:00:00,12554.071652
2026-03-19 12:00:00,12731.996333
2026-03-19 13:00:00,13066.788747
2026-03-19 14:00:00,13572.958962
2026-03-19 15:00:00,14114.476529
2026-03-19 16:00:00,14800.542706
2026-03-19 17:00:00,15293.180095
2026-03-19 18:00:00,15554.972538
2026-03-19 19:00:00,15169.819289
2026-03-19 20:00:00,15027.39235
2026-03-19 21:00:00,14579.10929
2026-03-19 22:00:00,13605.901847
2026-03-19 23:00:00,12517.502823
2026-03-20 00:00:00,11679.137242
2026-03-20 01:00:00,10970.12092
2026-03-20 02:00:00,10458.772234
2026-03-20 03:00:00,10216.776213
2026-03-20 04:00:00,10226.708089
2026-03-20 05:00:00,10606.892095
2026-03-20 06:00:00,11286.974257
2026-03-20 07:00:00,11828.409945
2026-03-20 08:00:00,12104.10197
2026-03-20 09:00:00,12447.22424
2026-03-20 10:00:00,12802.221407
2026-03-20 11:00:00,13220.45578
2026-03-20 12:00:00,13800.822927
2026-03-20 13:00:00,14482.284352
2026-03-20 14:00:00,15269.39981
2026-03-20 15:00:00,16047.757812
2026-03-20 16:00:00,16828.099415
2026-03-20 17:00:00,17227.38408
2026-03-20 18:00:00,17267.290654
2026-03-20 19:00:00,16506.445359
2026-03-20 20:00:00,16058.305294
2026-03-20 21:00:00,15341.743379
2026-03-20 22:00:00,14509.166223
2026-03-20 23:00:00,13523.92042
2026-03-21 00:00:00,12469.197372
2026-03-21 01:00:00,11624.823568
2026-03-21 02:00:00,11058.624364
2026-03-21 03:00:00,10689.402333
2026-03-21 04:00:00,10457.961852
2026-03-21 05:00:00,10534.263168
2026-03-21 06:00:00,10705.514856
2026-03-21 07:00:00,10944.124936
2026-03-21 08:00:00,11440.317195
2026-03-21 09:00:00,12112.761183
2026-03-21 10:00:00,12742.01375
2026-03-21 11:00:00,13415.279794
2026-03-21 12:00:00,14125.920866
2026-03-21 13:00:00,14962.131887
2026-03-21 14:00:00,15988.262866
2026-03-21 15:00:00,16937.693022
2026-03-21 16:00:00,17644.026668
2026-03-21 17:00:00,18154.728123
2026-03-21 18:00:00,18121.02418
2026-03-21 19:00:00,17304.625388
2026-03-21 20:00:00,16766.342118
2026-03-21 21:00:00,16003.793557
2026-03-21 22:00:00,15068.621646
2026-03-21 23:00:00,14044.144987
2026-03-22 00:00:00,13038.484132
2026-03-22 01:00:00,12180.144624
2026-03-22 02:00:00,11557.518795
2026-03-22 03:00:00,11051.278532
2026-03-22 04:00:00,10770.496221
2026-03-22 05:00:00,10670.273454
2026-03-22 06:00:00,10777.125758
2026-03-22 07:00:00,10917.676129
2026-03-22 08:00:00,11434.639295
2026-03-22 09:00:00,12233.514435
2026-03-22 10:00:00,12935.240991
2026-03-22 11:00:00,13693.067389
2026-03-22 12:00:00,14546.655511
2026-03-22 13:00:00,15570.878523
2026-03-22 14:00:00,16585.48337
2026-03-22 15:00:00,17531.602311
2026-03-22 16:00:00,18302.797272
2026-03-22 17:00:00,18833.372348
2026-03-22 18:00:00,18742.573525
2026-03-22 19:00:00,18028.536262
2026-03-22 20:00:00,17507.628155
2026-03-22 21:00:00,16518.123672
2026-03-22 22:00:00,15178.651199
2026-03-22 23:00:00,13622.353729
2026-03-23 00:00:00,12361.030489
2026-03-23 01:00:00,11478.966054
2026-03-23 02:00:00,10901.168908
2026-03-23 03:00:00,10529.18063
2026-03-23 04:00:00,10532.599228
2026-03-23 05:00:00,10961.274997
2026-03-23 06:00:00,11896.733291
2026-03-23 07:00:00,12332.555849
2026-03-23 08:00:00,12524.152779
2026-03-23 09:00:00,12811.425376
2026-03-23 10:00:00,13061.894436
2026-03-23 11:00:00,13342.073219
2026-03-23 12:00:00,13676.901013
2026-03-23 13:00:00,14062.721053
2026-03-23 14:00:00,14654.938805
2026-03-23 15:00:00,15279.4477
2026-03-23 16:00:00,15953.76581
2026-03-23 17:00:00,16465.076222
2026-03-23 18:00:00,16355.509832
2026-03-23 19:00:00,15443.779961
2026-03-23 20:00:00,15180.101704
2026-03-23 21:00:00,14338.346214
2026-03-23 22:00:00,13121.662105
2026-03-23 23:00:00,12039.144599
2026-03-24 00:00:00,11424.214254
2026-03-24 01:00:00,10809.443201
2026-03-24 02:00:00,10397.090919
2026-03-24 03:00:00,10215.5933
2026-03-24 04:00:00,10311.364465
2026-03-24 05:00:00,10863.227305
2026-03-24 06:00:00,11813.912696
2026-03-24 07:00:00,12241.483897
2026-03-24 08:00:00,12392.554565
2026-03-24 09:00:00,12816.21918
2026-03-24 10:00:00,13173.853079
2026-03-24 11:00:00,13590.975605
2026-03-24 12:00:00,14028.284626
2026-03-24 13:00:00,14777.208982
2026-03-24 14:00:00,15486.962648
2026-03-24 15:00:00,16285.969928
2026-03-24 16:00:00,16972.355185
2026-03-24 17:00:00,17384.88035
2026-03-24 18:00:00,17198.313451
2026-03-24 19:00:00,16668.806792
2026-03-24 20:00:00,16431.612557
2026-03-24 21:00:00,15789.005114
2026-03-24 22:00:00,14751.60118
2026-03-24 23:00:00,13507.359277
2026-03-25 00:00:00,12480.268625
2026-03-25 01:00:00,11731.716752
2026-03-25 02:00:00,11256.073818
2026-03-25 03:00:00,10988.398425
2026-03-25 04:00:00,10982.598432
2026-03-25 05:00:00,11540.662938
2026-03-25 06:00:00,12577.129125
2026-03-25 07:00:00,13116.930126
2026-03-25 08:00:00,13251.615538
2026-03-25 09:00:00,13674.867849
2026-03-25 10:00:00,14147.890014
2026-03-25 11:00:00,14567.92565
2026-03-25 12:00:00,15126.605262
2026-03-25 13:00:00,15868.747828
2026-03-25 14:00:00,16681.227149
2026-03-25 15:00:00,17515.739007
2026-03-25 16:00:00,18215.989375
2026-03-25 17:00:00,18565.033988
2026-03-25 18:00:00,18380.881258
2026-03-25 19:00:00,17889.937619
2026-03-25 20:00:00,17548.360082
2026-03-25 21:00:00,16753.6982
2026-03-25 22:00:00,15444.851543
2026-03-25 23:00:00,14017.446758
2026-03-26 00:00:00,12920.884075
2026-03-26 01:00:00,12096.128275
2026-03-26 02:00:00,11648.082747
2026-03-26 03:00:00,11344.15736
2026-03-26 04:00:00,11332.687265
2026-03-26 05:00:00,11848.395272
2026-03-26 06:00:00,12852.269399
2026-03-26 07:00:00,13283.254114
2026-03-26 08:00:00,13467.558874
2026-03-26 09:00:00,13783.711267
2026-03-26 10:00:00,14217.497146
2026-03-26 11:00:00,14852.890815
2026-03-26 12:00:00,15523.43715
2026-03-26 13:00:00,16371.432772
2026-03-26 14:00:00,17157.443445
2026-03-26 15:00:00,17858.671084
2026-03-26 16:00:00,18559.818143
2026-03-26 17:00:00,18887.611742
2026-03-26 18:00:00,18717.486854
2026-03-26 19:00:00,17991.620744
2026-03-26 20:00:00,17603.588135
2026-03-26 21:00:00,16858.082123
2026-03-26 22:00:00,15578.043975
2026-03-26 23:00:00,14254.367656
2026-03-27 00:00:00,13230.790003
2026-03-27 01:00:00,12363.837487
2026-03-27 02:00:00,11763.046271
2026-03-27 03:00:00,11394.337029
2026-03-27 04:00:00,11216.479478
2026-03-27 05:00:00,11632.188219
2026-03-27 06:00:00,12477.002829
2026-03-27 07:00:00,13012.618775
2026-03-27 08:00:00,13215.774935
2026-03-27 09:00:00,13823.703261
2026-03-27 10:00:00,14373.729702
2026-03-27 11:00:00,14556.597469
2026-03-27 12:00:00,14501.531578
2026-03-27 13:00:00,14265.267474
2026-03-27 14:00:00,13892.670333
2026-03-27 15:00:00,13561.391381
2026-03-27 16:00:00,13366.854366
2026-03-27 17:00:00,13147.886748
2026-03-27 18:00:00,13024.828636
2026-03-27 19:00:00,13027.272559
2026-03-27 20:00:00,13043.464605
2026-03-27 21:00:00,12756.089078
2026-03-27 22:00:00,12160.065034
2026-03-27 23:00:00,11468.571393
2026-03-28 00:00:00,10934.314249
2026-03-28 01:00:00,10489.012455
2026-03-28 02:00:00,10096.976529
2026-03-28 03:00:00,9944.346917
2026-03-28 04:00:00,9919.890576
2026-03-28 05:00:00,10166.071791
2026-03-28 06:00:00,10633.780973
2026-03-28 07:00:00,11143.015708
2026-03-28 08:00:00,11735.337265
2026-03-28 09:00:00,12251.08409
2026-03-28 10:00:00,12581.208696
2026-03-28 11:00:00,12573.638001
2026-03-28 12:00:00,12495.579516
2026-03-28 13:00:00,12231.263011
2026-03-28 14:00:00,12073.191252
2026-03-28 15:00:00,12018.523108
2026-03-28 16:00:00,12000.313476
2026-03-28 17:00:00,11948.379079
2026-03-28 18:00:00,11949.818476
2026-03-28 19:00:00,12187.034053
2026-03-28 20:00:00,12453.083897
2026-03-28 21:00:00,12297.752475
2026-03-28 22:00:00,11856.201441
2026-03-28 23:00:00,11373.613116
2026-03-29 00:00:00,10997.189991
2026-03-29 01:00:00,10758.617876
2026-03-29 02:00:00,10538.582029
2026-03-29 03:00:00,10433.783419
2026-03-29 04:00:00,10437.578933
2026-03-29 05:00:00,10612.044471
2026-03-29 06:00:00,10979.476303
2026-03-29 07:00:00,11471.592397
2026-03-29 08:00:00,11866.097256
2026-03-29 09:00:00,12043.009062
2026-03-29 10:00:00,12119.392092
2026-03-29 11:00:00,12157.383245
2026-03-29 12:00:00,12314.779144
2026-03-29 13:00:00,12539.107157
2026-03-29 14:00:00,12952.811601
2026-03-29 15:00:00,13489.504271
2026-03-29 16:00:00,14086.196727
2026-03-29 17:00:00,14757.924706
2026-03-29 18:00:00,15068.749711
2026-03-29 19:00:00,14996.898074
2026-03-29 20:00:00,15264.50445
2026-03-29 21:00:00,14785.197607
2026-03-29 22:00:00,13821.828461
2026-03-29 23:00:00,12716.764218
2026-03-30 00:00:00,11821.307476
2026-03-30 01:00:00,11149.909466
2026-03-30 02:00:00,10778.404471
2026-03-30 03:00:00,10614.40078
2026-03-30 04:00:00,10748.87366
2026-03-30 05:00:00,11406.815572
2026-03-30 06:00:00,12433.839629
2026-03-30 07:00:00,13106.169862
2026-03-30 08:00:00,13385.406245
2026-03-30 09:00:00,13665.045574
2026-03-30 10:00:00,14084.404967
2026-03-30 11:00:00,14500.585248
2026-03-30 12:00:00,14961.375332
2026-03-30 13:00:00,15567.541299
2026-03-30 14:00:00,16139.737174
2026-03-30 15:00:00,16684.291778
2026-03-30 16:00:00,17286.089111
2026-03-30 17:00:00,17794.01967
2026-03-30 18:00:00,17748.219223
2026-03-30 19:00:00,17294.624202
2026-03-30 20:00:00,17185.06993
2026-03-30 21:00:00,16480.091661
2026-03-30 22:00:00,15268.50105
2026-03-30 23:00:00,13927.473072
2026-03-31 00:00:00,12902.112001
2026-03-31 01:00:00,12108.94572
2026-03-31 02:00:00,11547.942009
2026-03-31 03:00:00,11242.100896
2026-03-31 04:00:00,11337.387098
2026-03-31 05:00:00,11889.812895
2026-03-31 06:00:00,12875.568827
2026-03-31 07:00:00,13346.412236
2026-03-31 08:00:00,13568.518256
2026-03-31 09:00:00,13956.889385
2026-03-31 10:00:00,14427.15964
2026-03-31 11:00:00,14885.284754
2026-03-31 12:00:00,15377.72811
2026-03-31 13:00:00,15965.162934
2026-03-31 14:00:00,16591.007559
2026-03-31 15:00:00,17246.688928
2026-03-31 16:00:00,17900.334582
2026-03-31 17:00:00,18293.092412
2026-03-31 18:00:00,18215.427188
2026-03-31 19:00:00,17717.307323
2026-03-31 20:00:00,17536.730295
2026-03-31 21:00:00,16888.203257
2026-03-31 22:00:00,15777.460804
2026-03-31 23:00:00,14500.376445
